,FECHA_DOC,CANT,DESCR
0,2022-01-05,1,"TUB COBRE 5/16""ØX165MM CIRCULA1.5KW127V"
1,2022-01-05,1,"TUA U"" 5/16 ØX250MM 1200W 120V TAP1""NPT"
2,2022-01-05,7,TERMOPAR J 3/16 Ø X 1' 1/2 EXT. 7 MT
3,2022-01-05,1,TERMOPAR J 3/16 Ø X 1' 1/2 EXT. 1 MT
4,2022-01-05,2,BAN P INOX 115MMX235MM 1000W 127V T/TOR
5,2022-01-05,2,BAN P INOX 55MMX235MM 450W 127V T/TOR
6,2022-01-05,1,REPARACION DE BATIDOR 16.6KW 440V
7,2022-01-05,3,TERMOPAR J 3/16 Ø X 1' 1/2 EXT. 1 MT
8,2022-01-05,1,"TUB INCOLOY 1/2""Øx412mm J 9KW 240V PLACA"
9,2022-01-05,1,"TUB INCOLOY 1/2""Øx412mm J 9KW 240V PLACA"
10,2022-01-05,1,"TUB INCOLOY 1/2""Øx412mm J 9KW 240V PLACA"
11,2022-01-05,1,"TUB INCOLOY 1/2""Øx412mm J 9KW 240V PLACA"
12,2022-01-05,1,"TUB INCOLOY 1/2""Øx412mm J 9KW 240V PLACA"
13,2022-01-05,1,BOB 8020 CAL.26 127V BAS28.5CMX27CM MICA
14,2022-01-05,1,BC INOX 114MMØX165MM 1500W 230V C/ALLEN
15,2022-01-05,5,"PT-100 1/8""ØX30MM EXT 1.5MT 3HILOS Z/ESP"
16,2022-01-05,2,"TERMOPAR CERAMICO T/K"" LONG 12"" CAL 8"""
17,2022-01-05,3,"TER J 3/16""ØX2"" EXT.2MT CON-1/2"" NPT"
18,2022-01-05,5,BAN MICA 120mmØx50mm 850W 440V TTORNILLO
19,2022-01-05,7,BAN MICA Ø120MM X 50 MM 700W 440V T TOR
20,2022-01-05,3,BAN INOX 36MMØX25MM 150W 240V EXT30CM
21,2022-01-07,3,"PT-100 3/16""ØX11/2"" EXT3MTS TEFLON Z-PIN"
22,2022-01-07,1,PT-100 4MMØX10CM EXT 5MT TEFLON 2HILOS
23,2022-01-07,1,"PT-100 DE 1/4""ØX14.5CM EXT 5MT CONECTOR"
24,2022-01-07,2,REPARACION DE TERMOPAR
25,2022-01-07,3,"TUB INOX 7/16""ØX510MM ""U""8000W 440V TAP"
26,2022-01-07,5,"TERMOPAR CERAMICO T/K"" LONG 12"" CAL 8"""
27,2022-01-07,6,"TERMOPAR CERAMICO T/ K"" LONG 12"" CAL.14"""
28,2022-01-07,2,"PT-100 1/4""Øx60CMS CABEZA Y BLOCK 1/2""X"
29,2022-01-07,30,BOBINA CAL.8 DSD C/TERMINALES EN INOX
30,2022-01-10,6,"TUB INOX 7/16""ØX490MM U ESP 3200W 220V"
31,2022-01-10,30,BOBINA CAL.8 DSD C/TERMINALES EN INOX
32,2022-01-10,1,"TUB INOX 1/4""ØX6"" 1675W 120V PARRILLA"
33,2022-01-11,10,"TER J 3/16""ØX1"" EXT.2MTS MALLA Z/ESPADA"
34,2022-01-11,10,"TER K 3/16""ØX1"" EXT.2MT RES/MALLA INOX"
35,2022-01-11,1,REPARACION DE SELLADORA PCS-300
36,2022-01-11,1,REPARACION DE SELLADORA PCS-200
37,2022-01-11,1,BAN INOX 197MMØX152MM 3500W 440V T/TORNI
38,2022-01-12,40,"CART INOX 3/8""Øx8"" 340W, 220V CABLE 35CM"
39,2022-01-12,1,"PT-100 3/16""ØX11/2"" EXT3MTS TEFLON Z-PIN"
40,2022-01-12,3,"TUB INOX 1/2""ØX1030MMX980MM 3KW480V ""L"""
41,2022-01-12,9,"TUB INOX 7/16""ØX80CM 1200W 127V T/TOR"
42,2022-01-12,10,BOB 8020  CAL.19 79MMØX750MM GAZA 40CM
43,2022-01-12,8,"TUB INOX 5/16""ØX50CM 4000W240V ""J"" 1""NPT"
44,2022-01-13,2,"TER J 3/16""ØX50MM TRANS 1/4""ØX4MM EXT3MT"
45,2022-01-14,1,"TUB INOX. 5/16""Øx1 MTS 900W, 127V. U TOR"
46,2022-01-14,2,"TUB INOX 7/16""ØX410MM 2500W220V CIRCULAR"
47,2022-01-14,2,"TUB INOX 7/16""ØX36.4CM 2500W220V ""M ESP"""
48,2022-01-14,4,"TUB INOX 5/16""Øx64CMS 700W220V."
49,2022-01-14,1,"TUB INOX 5/16""ØX111MM 2500W220V ESPIRAL"
50,2022-01-17,5,"TUB. INOX. 5/16 Øx615mm. 2000W 440V ""U"""""
51,2022-01-17,1,"BOQUILLA 11/2X1""1/2"" 300W 240V"""
52,2022-01-17,1,TERMOPAR J 3/16 Ø X1'  1/2 EXT.  8 MT
53,2022-01-17,2,"TUB INOX 5/16""ØX110MM 1500W 127V ESPIRAL"
54,2022-01-17,2,"TUB INOX 5/16""ØX110MM 1500W 240V ESPIRAL"
55,2022-01-17,1,"TUB INOX 5/16""ØX383MMØX354MM 2KW240V CHI"
56,2022-01-17,1,"TUB INOX 5/16""ØX383MMØX354MM 2KW240V GDE"
57,2022-01-17,4,BOB 8020 CAL.19 1612W 127V CER-8CANALES
58,2022-01-18,1,"AEROPACK J 1/16""ØX2"" T-1/8""ØX11/2"" EXT1M"
59,2022-01-19,2,"CAS INOX 1/2""ØX 2 1/2"" 400W220V EXT.30CM"
60,2022-01-19,2,"CAS INOX 1/2""ØX 2 1/2"" 400W220V EXT.30CM"
61,2022-01-19,3,BC PLANA INOX 52MMX60CM 750W 220V T/TOR
62,2022-01-19,3,BC PLANA INOX 51MMX490MM 1000W 220V T/TO
63,2022-01-19,6,BAN P COMUN 74MMX50CM 750W 220V T/TOR
64,2022-01-19,2,TIRA INOX 38MMX440MM 750W 230V T/TIPO H
65,2022-01-19,8,"TUB INOX 7/16""Øx190mm 2000W 400V BUS/LAT"
66,2022-01-19,2,BAN INOX 58MMØX30MM 200W 230V EX1MT ALLE
67,2022-01-19,4,BAN INOX 122MMØX50MM 750W460V EXT1MT STD
68,2022-01-20,4,"TUB INOX 7/16""ØX742MM U 20KW440V BRIDA6"""
69,2022-01-20,2,BAN P COMUN 100CMX21MM 900W220V T/TOR
70,2022-01-20,1,BAN P INOX 28MMX128MM 125W 230V T/TOR
71,2022-01-21,10,"TER K 3/16""ØX1 1/2"" EXT.7MT MALLA Z/ESPA"
72,2022-01-21,1,BAN P A/COMUN 200MMx102MM 390W127V T/TOR
73,2022-01-21,1,"TUB INOX 7/16""ØX210MM 800W127V ""U""  BUSH"
74,2022-01-21,30,"TUB. ENCAPSULADA 5/16Øx780mm 1500W 240V"""
75,2022-01-21,3,"TUBULAR  J"" 5/16"" 230MM 4500W 220V"""
76,2022-01-24,10,TUB ESP 10MMØX1985MM 1000W 440V BUS/SOPO
77,2022-01-24,6,BOB 8020 CAL. 13 13.7MMØX1.5MTS GAZA30CM
78,2022-01-24,6,"BOB 8020 CAL.13 13.7MMØX800MM ""U""GAZ30CM"
79,2022-01-24,8,CARTUCHO 8MMØ X290MM 500W 220V
80,2022-01-24,10,TERMOPAR J 3/16 Ø X 1' 1/2 EXT. 2.5 MT
81,2022-01-24,2,BAN INOX 103MMØX45MMØX65MM 400W255V ESP
82,2022-01-24,2,BAN M/L INOX 210mmØx70mm 650W 255V CABLE
83,2022-01-24,2,BAN M/LUNA 210MMØX70MM 1.6KW255V CLA-STD
84,2022-01-25,1,"TUB INOX 5/16""Øx120MTS LONG. 1000W 120V."
85,2022-01-25,12,"TER J 1/8""Øx115mm LONG EXT. DE 1220mm CL"
86,2022-01-25,12,"TER J 3/16""Øx8mm EXT. .90CMS CLAVIJA"
87,2022-01-25,1,TER K 12MMØX22CM EXT8MT MAQ-ESPECIAL
88,2022-01-25,20,TERMOPAR J 3/16 Ø X 1' 1/2 EXT. 2 MT
89,2022-01-26,1,TERMOPAR J 3/16 Ø X 1' 1/2 EXT. 1 MT
90,2022-01-26,3,"TUB INOX 7/16""ØX500MM 3000W240V BUS3/4"""
91,2022-01-26,1,"CAS INOX 1/4""ØX1 1/4"" 100W 127V EXT.30CM"
92,2022-01-27,1,"TUB INOX 7/16""ØX280MM ""U"" 9000W260V PLAC"
93,2022-01-27,1,TERMOPAR J 3/16 Ø X 1' 1/2 EXT. 1 MT
94,2022-01-28,1,"TER K 1/8""ØX15CM EXT2MT MALLA INOX  ZAP"
95,2022-01-28,3,REPARACION DE SOLDADURA A PLACAS TUBULAR
96,2022-01-28,3,"TUB INOX 1/2""Øx500mm LONG ""U"" 2000W 220V"
97,2022-01-28,3,"TUB INOX 5/16""Øx320mm 4000W 230V TAPON"
98,2022-01-28,2,"CAS INOX 3/8""ØX2 1/2"" 175W 127V EXT.30CM"
99,2022-01-28,1,TERMOPAR J 3/16 Ø X 1' 1/2 EXT. 2 MT
100,2022-01-28,1,"TERMOPAR K 3/16Ø  X 1'  1/2 EXT. 2 MT"""
101,2022-01-31,2,"PT-100 5/16""ØX40CM CON1/2""NPT EXT10M PLI"
102,2022-01-31,2,"TER EK DOBLE1/2Øx12""x24"" EN INOX-T316"""
103,2022-01-31,2,"TERMOPAR K DOBLE CAL8 x18 FUND INOX 316"""
104,2022-01-31,1,"TER J 1/4""ØX4"" CON 1/2""-1/2""NPT BLOCK-CA"
105,2022-01-31,1,"TUB INOX 7/16""Øx280mm U 9000W 240V PLACA"
106,2022-01-31,4,"TUB INOX 1/4""ØX123MM 250W220V CIRCULAR/M"
107,2022-01-31,1,FAB BOBINA 8020 2000W 220V BASTIDOR NVO
108,2022-01-31,1,"RC 5/16""ØX37CM 300W 110V EXT. 25CM"
109,2022-01-31,2,"TUB INOX 1/2""ØX2018MM 4000W 250V ESP/BUS"
110,2022-01-31,1,"TU ""U"" Ø 8 MM X 500 MM 3000 W 220V"
111,2022-01-31,4,"TUB INOX 5/16""ØX362CM 5000W220 V T/CABLE"
112,2022-01-31,2,TUE Ø 8 MM X 303 APROX 5000 W 220 V
113,2022-01-31,1,"TUBU"" 5/16""Øx21.5cm 2700W220V 3PZ COBRE"""
114,2022-01-31,1,"TUB INOX 7/16""ØX26CM 2700W 240V ""M"" BUSH"
115,2022-01-31,4,CAS INOX 12MMØX90MM 220W 110V  EXT.15CMS
116,2022-01-31,2,BB INOX 40MMØX60MM 300W 240V EXT.30CM
117,2022-01-31,1,"TUB INOX 1/4""Øx280mm 200W 120V RECTA ZAP"
118,2022-02-01,1,"TUBULAR  J"" 5/16"" 230MM 4500W 220V"""
119,2022-02-01,4,"TER J 3/16""ØX5"" EXT4MT RES/MALLA INOX"
120,2022-02-01,2,"TER J 3/16""ØX9"" EXT4MT RES/MALLA INOX"
121,2022-02-02,1,"BOQUILLA 11/2X1""1/2"" 300W 240V"""
122,2022-02-02,2,"CAR BAJA INOX 5/8x97CMS 2400W 440V CABL"""
123,2022-02-02,1,"TUB INOX 1/4""Øx280mm 200W 120V RECTA ZAP"
124,2022-02-02,1,"TUB INOX 5/16""ØX25.5CM 2500W110V CLIP PL"
125,2022-02-02,3,TERMOPAR J 3/16 Ø X 1' 1/2 EXT. 3 MT
126,2022-02-02,2,CAE 12.5MMØx312.42MMLONG 90° 1200W 220V
127,2022-02-03,1,"CAS INOX 1/2""ØX3 1/2"" 400W 127V EXT.30CM"
128,2022-02-03,4,"TERMOPOZO COBRE 3/8""x126mm 1/2""A1/2"" NPT"
129,2022-02-03,4,"TUB INOX 5/16""ØX240MM 1000W 120V BUS5/8"
130,2022-02-03,4,"TUB INOX 7/16""ØX26CM 1100W127V BUSH"
131,2022-02-03,4,"CAS INOX 1/2""ØX5"" 750W127V EXT.30CM"
132,2022-02-03,1,"TUB INOX 1/4""ØX16CM 700W127V ESPIRAL TAP"
133,2022-02-03,1,"TUB INOX 1/4""ØX16CM 700W127V ESPIRAL PLA"
134,2022-02-04,15,"TUB 7/16""X46CMS U 1500W 480V. ESPECIAL"
135,2022-02-04,1,"BOQUILLA 2X2""  350W 240V"""
136,2022-02-04,1,"TUB COBRE 5/16""ØX225MM 2400W115V TAP"
137,2022-02-04,1,"TUB INOX 5/16""ØX20CM 2000W 220V ""J"" TAP"
138,2022-02-08,12,"CBS 90° 3/4""Øx39.9/16 2600W400V EXT. 55"""
139,2022-02-08,4,"BN 3""ØX5""ANCHO 1000W 220V CIERRE STD"
140,2022-02-08,10,PISTOLA DE AIRE 3500W 220V
141,2022-02-08,3,"TUB INOX 5/8""ØX150CM 2590W 256V REC/ALET"
142,2022-02-08,7,"PT-100 3/16""ØX 1 1/2"" CON 3/8""-A1/2""NPT"
143,2022-02-08,2,"TUB INOX 5/16""ØX307MM  2100W220V ""M"" CUA"
144,2022-02-09,2,"TUB INOX 7/16""ØX210MM 800W127V ""U""  BUSH"
145,2022-02-09,3,"TUB INOX 7/16""ØX58CM 8000W240V ""U"" CLAMP"
146,2022-02-09,1,"TEA K"" 18mmØx540mm CABEZA MARINA"""
147,2022-02-09,4,"TUB ""U"" 8mmØx650mm 10kW 440V 2pz TAPON"
148,2022-02-09,3,"TUB INOX 1/4""Øx185MM 900W 120V ""M"" T-90°"
149,2022-02-10,3,"RC 3/8""ØX175MM 375W125V EXT25CM"
150,2022-02-10,3,"TUBULAR  U"" 1/2""Øx660mm 4500W440V 3pz"""
151,2022-02-10,3,"TUB RECTA 1/2""ØX800MMLON 1000W 73V T/TOR"
152,2022-02-10,2,"TERMOPAR CERAMICO T/K"" LONG 24"" CAL 8"""
153,2022-02-10,2,"TERMOPAR K 3/16Ø X 1'  1/2 EXT. 3 MT"""
154,2022-02-11,10,"CBS INOX 5/8""ØX13"" 1700W 240V EXT.30CM"
155,2022-02-11,6,ELEMENTO K CAL.8X131.6MM CERAM/BLOCK CER
156,2022-02-11,1,TERMOPAR J 3/16 Ø X 1' 1/2 EXT. 3 MT
157,2022-02-11,2,"CBS INOX 3/8""ØX90CM 1300W 240V EXT.1MT"
158,2022-02-11,3,"TER K 3/16""ØX1 1/2"" EXT.3MT MALLA S/ZAP"
159,2022-02-14,3,BN INOX 111MMØX85MM 1000W127V CIERRE STD
160,2022-02-14,4,"CAS INOX 3/8""ØX7"" 500W 127V EXT1MT"
161,2022-02-14,4,"CAS INOX 3/8""ØX8"" 500W 127V EXT1MT"
162,2022-02-14,2,BAN M/LUNA 129MMØX99MM 450W440V C/STD TO
163,2022-02-14,1,BAN INOX 197MMØX152MM 3500W 440V T/TORNI
164,2022-02-14,3,BAN P COMUN 218MMX85MM 800W440V 2BA T/TO
165,2022-02-14,2,BAN P COMUN 219MMX275MM 1800W440V 4B/TOR
166,2022-02-14,2,BAN P COMUN 197MMX31CM 2000W440V 4BA TOR
167,2022-02-14,1,BAN A/COMUN 263mmØx115mm 2800W 220V STD
168,2022-02-14,6,"TUB INOX 1/4""Øx280mm 200W 120V RECTA ZAP"
169,2022-02-14,1,TERMOPAR J 3/16 Ø X 1' 1/2 EXT. 4 MT
170,2022-02-14,6,CAM INOX 12.5MMØX100MM 750W 240V EXT30CM
171,2022-02-14,1,REPARACION DE PLANCHA 4500W 240V ESP
172,2022-02-15,2,"TUB INOX 1/4""ØX50CM 400W127V RECTA T/TOR"
173,2022-02-15,1,"TUB INOX 5/16""Øx335mm. U 7600W 230V PLAQ"
174,2022-02-15,1,"TUBULAR  J"" 5/16"" 230MM 4500W 220V"""
175,2022-02-16,2,TERMOPAR J3/16 Ø X 1' 1/2 EXT.  1.5 MT
176,2022-02-16,8,"PT-100 2MMX1"" DESNUDO EXT.113CM SOGUILLA"
177,2022-02-16,2,"PT-100 5/16""ØX40CM CON1/2""NPT EXT10M PLI"
178,2022-02-16,8,"TUBULAR U"" 5/16"" 203MM 1500W 127V"""
179,2022-02-17,2,"TUB INOX 1/4""Øx355MM 4500W230V ESP/PLAC"
180,2022-02-17,1,"TERMOPAR CERAMICO T/K"" LONG 12"" CAL 8"""
181,2022-02-17,1,"TUB INOX 1/4""Øx1500mm 3000W 230V BUSHING"
182,2022-02-17,1,REPARACION DE HORNO 780W 120V MAR-VULCAN
183,2022-02-17,3,BOB DSD CAL.6 86MMØX713MM U 48KW440V GA
184,2022-02-17,2,"AEROPACK J 1/16""ØX2"" T-1/8""ØX11/2"" EXT1M"
185,2022-02-18,11,"TEA K 1/2""ØX53CM CO/1/2""NPT INOX C/MARIN"
186,2022-02-18,6,"TEA K 1/2""ØX130CM CO/1/2""NPT INOX C/MARI"
187,2022-02-18,4,"TER K 1/4""ØX2"" EXT.1MT RESORT C/MINI MAC"
188,2022-02-18,2,"TER T 3/16""ØX51CMX6CM EXT2MT CON-1/8 90°"
189,2022-02-18,2,"TER T 3/16""ØX127MMX6CM EXT5MT CON-1/8 90"
190,2022-02-18,2,"TUB INOX 5/16""ØX203MM 1500W 240V U TAP1"""
191,2022-02-18,3,"TEA K 1/2""Øx1800mm CON1/2-1/2 C/MARINA"
192,2022-02-18,2,TERMOPAR J 3/16 Ø X 1' 1/2 EXT. 1 MT
193,2022-02-21,1,"TUB INOX 5/16""ØX800MM 2000W127V ""J"" TBOY"
194,2022-02-21,1,"TEA K 1/2""ØX18""X24"" ESCUADRA BLOCK/CMARI"
195,2022-02-21,6,"TUB ALETADA 5/16""ØX32CM 750W 220 V"
196,2022-02-22,5,"TERMOPAR CERAMICO T/K"" LONG 18"" CAL 8"""
197,2022-02-22,1,REPARACION SELLADORA PCS300
198,2022-02-22,1,"TERMOPAR CERAMICO T/K"" LONG 24"" CAL 8"""
199,2022-02-22,18,"TUB INOX 7/16""ØX80CM 960W 240V RECTA T/T"
200,2022-02-22,2,"TUB INOX 3/8""ØX33.5CM 6000W480V ""U"" PLAC"
201,2022-02-22,1,"BOQUILLA 11/2X1""1/2"" 300W 240V"""
202,2022-02-22,1,"BOQUILLA 11/2X1""1/2"" 300W 240V"""
203,2022-02-22,1,"TERMOPAR K 3/16Ø  X 1'  1/2 EXT. 2 MT"""
204,2022-02-23,36,TUB ESP 10MMØX1985MM 1000W 440V BUS/SOPO
205,2022-02-23,2,"BAN P INOX 1 1/2""X12"" 240V W-MAX"
206,2022-02-23,2,"BAN P INOX 1 1/2""X14"" 240V W-MAX"
207,2022-02-23,2,"BAN P INOX 1 1/2""X16"" 240V W-MAX"
208,2022-02-23,2,"BAN P INOX 1 1/2""X18"" 240V W-MAX"
209,2022-02-23,2,"BAN INOX 12""ØX 1 1/2"" 1250W 240V C/ALLEN"
210,2022-02-23,2,"BAN INOX 14""ØX 1 1/2"" 1500W240V C/ALLEN"
211,2022-02-23,2,"BAN INOX 16""ØX1 1/2"" 1750W 240V C/ALLEN"
212,2022-02-23,2,"BAN INOX 20""ØX 11/2"" 2300W 240C C/ALLEN"
213,2022-02-23,7,"BAN P INOX 7""X1 1/2"" 900W 240V T/TOR"
214,2022-02-23,2,"TER J 1/4""X1/2"" EXT1MT TORNILLO LOCO"
215,2022-02-23,2,"TUB INOX 5/16""Øx197CM 2500W 220V ""M"" ESP"
216,2022-02-23,2,"RC 5/8""ØX748MM 1100W220V T/TORNILLO"
217,2022-02-23,2,"CAS INOX 5/8""ØX4"" 600W 127V EXT 30CM"
218,2022-02-23,2,"CAS INOX 5/8""ØX4"" 600W 127V EXT 30CM"
219,2022-02-23,1,"TUB INOX 5/16""ØX800MM 2000W127V ""J"" TBOY"
220,2022-02-24,3,CBS INOX 27MMØX180CM 1000W 440V CAJA ESP
221,2022-02-24,6,"TUB INCOL 5/16""ØX355MM 9000W240V J T/BOI"
222,2022-02-24,10,"TEA J"" 3/16""Øx22MM EXT2MT BAY2GIR/ADAPT"
223,2022-02-24,2,"ELEM K CAL. 8 x12"" C/FUNDA CERAMICA"
224,2022-02-24,1,"CAS INOX 1/2""X5"" 250W 240V EXT30CM"
225,2022-02-25,1,"TUB INCOLOY 1/2""Øx412mm J 9KW 240V PLACA"
226,2022-02-25,1,"TUB INCOLOY 1/2""Øx412mm J 9KW 240V PLACA"
227,2022-02-25,1,"TUB INCOLOY 1/2""Øx412mm J 9KW 240V PLACA"
228,2022-02-25,1,"TUB INCOLOY 1/2""Øx412mm J 9KW 240V PLACA"
229,2022-02-25,1,"TUB INCOLOY 1/2""Øx412mm J 9KW 240V PLACA"
230,2022-02-25,2,"TUB INOX 1/2""ØX2018MM 4000W 250V ESP/BUS"
231,2022-02-25,2,TERMOPAR J 3/16 Ø X 1' 1/2 EXT. 6 MT
232,2022-02-25,2,TERMOPAR J 3/16 Ø X 1' 1/2 EXT. 4 MT
233,2022-02-25,2,TERMOPAR J 3/16 Ø X 1' 1/2 EXT.  5 MT
234,2022-02-25,5,"TEA J"" 3/16""Øx22MM EXT2MT BAY2GIR/ADAPT"
235,2022-02-25,4,CART INOX 11.43mmØx450mm 300W 48V CABLE
236,2022-02-25,10,CARTUCHO Ø 8 MM X340 MM 500W 220 V
237,2022-02-25,8,CARTUCHO ESC.Ø 8MM X 325 MM 500W 220V
238,2022-02-25,7,CARTUCHO Ø8MM X 260MM 500W 220V
239,2022-02-25,8,CARTUCHO Ø 8 MM X 500 MM 500 W 220 V
240,2022-02-25,3,CARTUCHO Ø 10 MM X 460 MM 500W 220V
241,2022-02-25,4,"PT-100 1/4""ØX4"" CON1/2""-1/2"" NPT C/MARIN"
242,2022-02-28,4,"CAS INOX 1/2""ØX3"" 400W 127V EXT.30CM"
243,2022-02-28,1,"TUB INOX 1/4""ØX135MM 700W127V ESPIRAL 4V"
244,2022-02-28,2,BAN P INOX 250MMX290MM 2000W 220V EXT2MT
245,2022-02-28,30,"TUB. ENCAPSULADA 5/16Øx780mm 1500W 240V"""
246,2022-02-28,4,"TUB INOX 5/16""ØX700MM 780W 220V ""M"" ESPE"
247,2022-02-28,2,"CAS INOX 1/2""ØX3 1/2"" 400W 127V EXT.30CM"
248,2022-02-28,2,"TUB INOX 1/4""ØX80CM 800W127V RECTA T/ZAP"
249,2022-02-28,1,"TUB INOX 5/16""ØX1550MM ""CLIP"" 7000W 220V"
250,2022-02-28,2,"TER J 1/4""ØX4"" CON1/2""-1/2"" NPT EXT.8MT"
251,2022-02-28,1,"TUB INOX 1/2""Øx410mm J 11KW 240V PLAQUIT"
252,2022-02-28,3,"TUB INOX716Øx1421mm LONG ""M"" 3000W/220V"""
253,2022-02-28,1,"TUB INOX 3/8""ØX158MM 2000W 127V CIRCULAR"
254,2022-02-28,3,"TUB INOX 5/16""ØX42CM 3650W280V ESP/PLAC"
255,2022-02-28,3,"TUB INOX 5/16""Øx310MM ""U"" 800W110V T/TOR"
256,2022-02-28,1,"BB Ø1.766""X1.432""  250W220V 3H TPLICA 1M"
257,2022-02-28,1,"BB Ø4.5""X1.265"" 500W 220V 3 H T PLICA 1M"
258,2022-02-28,1,"BAN MICA 1.766Øx1.432"" 250W 220V C/TERM"""
259,2022-02-28,1,"BAN MICA 4.500Øx1.265"" 500W 220V C/TERM"""
260,2022-02-28,2,BAN M/LUNA 220MMØX215MM 2950W230V ALLEN
261,2022-02-28,3,"TER J 3/16""ØX1/2"" EXT3MT C/PLICA BAY1GIR"
262,2022-02-28,3,"TUB INOX 7/16""ØX34CM 1800W240V ""U"" ALE-B"
263,2022-02-28,2,"TER K 1/4""ØX8"" EXT.1MT RES-PIA C/CLAVIJA"
264,2022-02-28,4,"TUB INOX 5/16""ØX700MM 780W 220V ""M"" ESPE"
265,2022-02-28,4,"TUB INOX 5/16""ØX795MM 780W 120V T/TORNI"
266,2022-03-01,1,BC PLANA 13CMX20CM 1500W240V OCTAGONAL
267,2022-03-02,4,"TUB COBRE 1/2""ØX218MM 700W 120V ELIPSE"
268,2022-03-02,4,"TUB COBRE 7/16""ØX218MM 1500W 120V ELIPSE"
269,2022-03-02,2,"PT-100 5/16""ØX40CM CON1/2""NPT EXT10M PLI"
270,2022-03-03,6,BP S/BLINDA 300MMX698MM 2500W 230V 18BA
271,2022-03-03,6,BP S/BLINDA 300MMX698MM 2000W 230V 18BA
272,2022-03-03,1,"BOQUILLA 2X2""  350W 240V"""
273,2022-03-03,1,REPARACION DE BRIDA DE 125KW 1240V DELTA
274,2022-03-03,3,"TUB INOX 5/16""ØX42CM 3650W280V ESP/PLAC"
275,2022-03-03,2,"TER K 1/4""Øx79CM DOBLEZ 90° C.STD MAC/HE"
276,2022-03-03,1,TERMOPAR J 3/16 Ø X1'  1/2 EXT.  8 MT
277,2022-03-03,1,TERMOPAR J 3/16 Ø X 1' 1/2 EXT.  5 MT
278,2022-03-04,1,"TUB INOX 1/4""ØX443MM 500W220V RECTA-PLAC"
279,2022-03-04,15,"TUB 7/16""X46CMS U 1500W 480V. ESPECIAL"
280,2022-03-04,1,"TUB INOX 7/16""Øx1080MM ""U"" 5000W220V BUS"
281,2022-03-04,2,"AEROPACK J 1/16""ØX2"" T-1/8""ØX11/2"" EXT1M"
282,2022-03-04,2,"TUB INOX 7/16""ØX49CM 3000W127V ""U"" BUS"
283,2022-03-07,4,TERMOPAR J 3/16 Ø X 1' 1/2 EXT. 3 MT
284,2022-03-07,1,"TUB INOX 1/4""ØX370MM 7500W 220V ""U"" PLAC"
285,2022-03-07,4,"CAS INOX  3/8""ØX3"" 100W127 0V EXT.30CM"
286,2022-03-08,5,BAN INOX 170MMØX55MM 1300W 440V C/STD
287,2022-03-08,2,BAN INOX 57MMØX45MM 250W260V CINT/ALLEN
288,2022-03-08,9,"TUB INOX 3/8""ØX75CM W MAX 480V ""M"" ESP"
289,2022-03-09,1,BOB 8020 CAL.16 19MMØX1170MM 5300W 240V
290,2022-03-09,4,"ELEM K CAL. 8 x12"" C/FUNDA CERAMICA"
291,2022-03-09,1,"TERMOPAR CERAMICO T/K"" LONG 12"" CAL 8"""
292,2022-03-09,10,"TUBULAR U"" 5/16"" 203MM 1500W 127V"""
293,2022-03-09,1,"TUBULAR  J"" 5/16"" 230MM 4500W 220V"""
294,2022-03-09,1,"TUB INOX 1/2""ØX293MM 2500W240V ""M"" ESPEC"
295,2022-03-09,1,"TUB INOX 1/2""ØX293MM 2500W240V ""M"" ESPEC"
296,2022-03-10,3,"TUB INOX 1/2""ØX34CM 2000W 240V ""U"" ALETA"
297,2022-03-10,2,"CAS INOX 1/4""ØX2"" 175W240V EXT30CM C/TJ"
298,2022-03-10,1,TERMOPAR J 3/16 Ø X 1' 1/2 EXT. 3 MT
299,2022-03-10,20,"TEA J"" 3/16""Øx22MM EXT2MT BAY2GIR/ADAPT"
300,2022-03-10,5,"TUB. ESP. 5/16 1200W 120V TERM 90° 3"""""
301,2022-03-10,5,"TERMOPAR CERAMICO T/K"" LONG 12"" CAL 8"""
302,2022-03-11,1,"BOBINA 8020 110W 110V EN/TUBO INOX2""X30"""
303,2022-03-11,6,"TUB ""J"" Ø 8 MM X 240 CM 5500 W 220 V"
304,2022-03-11,2,PT-100 6MMØX110MM CONECTOR EXT15MTS
305,2022-03-11,1,"TUB INOX 7/16""ØX60CM 9000W240V 2 1/2""NPT"
306,2022-03-11,2,"BOQUILLA 11/2X1""1/2"" 300W 240V"""
307,2022-03-11,2,TERMOPAR J 3/16 Ø X 1' 1/2 EXT. 1 MT
308,2022-03-11,1,"TUB INOX 5/16""ØX430MM 6000W 230V"
309,2022-03-14,10,"CAS INOX 1/2""ØX51.5CM 400W240V EXT1M SOG"
310,2022-03-14,15,"CAS INOX 5/8""ØX72CM 2670W 480V EXT.30CM"
311,2022-03-15,1,"BOQUILLA 11/2X1""1/2"" 300W 240V"""
312,2022-03-15,4,"TUB Ø 7/16 X 71 CM LONG ""U"" 3600W440V"
313,2022-03-15,9,"TUB INOX 5/16""ØX23CM ELIPSE 985W120V BUS"
314,2022-03-15,1,"TUBULAR  J"" 5/16"" 230MM 4500W 220V"""
315,2022-03-15,2,"TUB INOX 5/16""Øx40CMS U 2000W 220V TAPON"
316,2022-03-15,2,"TUB INOX 5/16""ØX437MM 1000W127V ""M"" ESPE"
317,2022-03-15,4,"TUB INOX 3/8""ØX38CM 6000W240V ""U"" PLACA"
318,2022-03-16,2,"TUE ""J"" INOX Ø 5/16 X 33 CM 5000 W 240 V"
319,2022-03-16,5,"TERMOPAR CERAMICO T/ K"" LONG 12"" CAL.14"""
320,2022-03-16,1,"BOQUILLA 11/2X1""1/2"" 300W 240V"""
321,2022-03-16,2,"TUB INOX 5/16""ØX56CM 5KW240V M ESP/CABLE"
322,2022-03-16,5,BP S/BLINDAJE 94MMX102MM 250W120V 25CM C
323,2022-03-16,2,"TU ""U"" Ø 8 MM X 500 MM 3000 W 220V"
324,2022-03-16,6,"TUB INOX 1/4""ØX29CM 160W127V RECTA/PLACA"
325,2022-03-16,1,BAN M/LUNA 208MMØX108MM 530W120V C/CINTU
326,2022-03-16,20,"PT-100 3/16""Øx3 1/2"" LONG EXT3MTS,3HILOS"
327,2022-03-16,2,"TUBULAR  U"" 1/2""Øx660mm 4500W440V 3pz"""
328,2022-03-17,4,TERMOPAR J 3/16 Ø X 1' 1/2 EXT. 4 MT
329,2022-03-17,2,"TUB INOX 5/16""ØX46CM 3000W240V 11/4""NPT"
330,2022-03-17,2,"TERMOPAR CERAMICO T/K"" LONG 12"" CAL 8"""
331,2022-03-17,1,"TUB COBRE 7/16""ØX495MM U 3000W127V PLAC"
332,2022-03-18,1,BAN M/LUNA 123MMØX107MM 600W 230V ESPECI
333,2022-03-18,2,BAN M/LUNA 208MMØX143MM 600W110V T/TOR
334,2022-03-18,6,"BOB DSD CAL.10 3/4""ØX1085MM 4000W127V"
335,2022-03-18,1,"TUB INCOLOY 1/2""Øx412mm J 9KW 240V PLACA"
336,2022-03-18,1,"TUB INOX 7/16""ØX42CM 3000W240V ""M"" BUS"
337,2022-03-18,1,"TUB INOX 7/16""ØX42CM 3000W240V ""M"" BUS"
338,2022-03-18,1,"TUB INOX 5/16""ØX38CM 3000W240V ""U"" TAP"
339,2022-03-18,1,"TUB INOX 5/16""ØX38CM 3000W240V ""U"" TAP"
340,2022-03-22,4,BAND P INOX 175MMx90MM 300W 110V TORNILL
341,2022-03-22,1,"TUBULAR  J"" 5/16"" 230MM 4500W 220V"""
342,2022-03-22,2,"PT-100 1/4""ØX12"" EXT1MT TEFLON 2 HILOS"
343,2022-03-22,6,"BAN P INOX 11/2""X17"" 800W240V ESP-1/4"""
344,2022-03-22,2,TERMOPAR J 3/16 Ø X 1' 1/2 EXT. 1 MT
345,2022-03-22,2,TERMOPAR J3/16 Ø X 1' 1/2 EXT.  1.5 MT
346,2022-03-22,2,TERMOPAR J 3/16 Ø X 1' 1/2 EXT. 1 MT
347,2022-03-23,1,REPARACION DE BATIDOR 16.6KW 440V
348,2022-03-23,1,"TERMOPAR CERAMICO T/K"" LONG 24"" CAL 8"""
349,2022-03-23,2,"TUBULAR  J"" 5/16"" 230MM 4500W 220V"""
350,2022-03-23,10,TERMOPAR J 3/16 Ø X 1' 1/2 EXT. 3 MT
351,2022-03-23,5,"TUB INOX 1/2""ØX1015MM 5KW 240V ""U"" ALETA"
352,2022-03-23,2,"CB 3/4 X41"" DE LARGO 1300W 220 V"
353,2022-03-23,1,"TER K 3/16""Øx7mm LONG EXT. 5 MTS T/PLICA"
354,2022-03-23,1,"BAN P INOX 5 1/2""X5 1/2"" 660W220V EX30CM"
355,2022-03-23,1,"BAN P INOX 5 1/2""X4 1/2"" 600W220V ESPEC"
356,2022-03-23,4,"TUB INOX. 5/16""Øx510mm CLIP 9KW 230V TAP"
357,2022-03-23,2,"TUB INOX 1/4""Øx150MM 900W 220V ESP/NAYLA"
358,2022-03-23,1,REPARACION DE HORNO 3500W220V
359,2022-03-23,3,"TUB ""U""7/16""ØX835mm EN BRIDA3""18KW440V."
360,2022-03-23,2,"P.CUARZO 19""LARGOx10"" ANCHO 5KW 480V"
361,2022-03-24,1,"TUB INOX 5/16""ØX120CM 1250W 127V T/TOR"
362,2022-03-24,4,"CAS INOX 1/2""ØX 2 1/2"" 400W220V EXT.30CM"
363,2022-03-24,4,"CAS INOX 1/2""ØX3"" 400W 240V EXT.30CM"
364,2022-03-24,3,TK 6MMØX80CM EXT.50CM DOBLEZ 90° 4 HILOS
365,2022-03-24,1,BAN M/L COMUN 137mmØx82mm 800W 220V
366,2022-03-24,1,"BAN P COMUN 1""X48"" 1000W 240V EXT.30CM"
367,2022-03-24,3,RES EN CINTA NICRO4.0X0.101-2.8OHMS LAMI
368,2022-03-25,6,BOE 45MMØX1360MM 3500W440V ROCHETA
369,2022-03-25,10,BOE 45MMØX900MM 3500W440V ROCHETA
370,2022-03-25,1,TERMOPAR J 3/16 Ø X1'  1/2 EXT.  8 MT
371,2022-03-25,1,TERMOPAR J 3/16 Ø X 1' 1/2 EXT. 10 MT
372,2022-03-25,1,TERMOPAR J 3/16 Ø X 1' 1/2 EXT. 1 MT
373,2022-03-28,2,BO ABIERTA ALAMBRE CAL. 6 40 KW 440 V
374,2022-03-28,25,TERMOPAR J 3/16 Ø X 1' 1/2 EXT. 2 MT
375,2022-03-28,2,TERMOPAR J 3/16 Ø X 1' 1/2 EXT. 2 MT
376,2022-03-28,2,"TEA K Ø3/4""X450MM NPT3/4"" CAB M STD"
377,2022-03-28,1,REPARACION DE TUBO DE CUARZO 500W127V
378,2022-03-28,3,"TERMOPAR ""K"" C/ELEMENTO CAL.8 X750 MM"
379,2022-03-28,8,"BAN COMUN  5""ØX6"" 1800W 240V  C/ALLEN"
380,2022-03-28,2,"BAN COMUN 5""ØX4"" 1500W 240V C/ALLEN"
381,2022-03-28,2,BAN COMUN 178MMØX71MM ANCHO 1300W 240V
382,2022-03-28,1,BAN COMUN 296MMØX71MM 2500W240V C/STD
383,2022-03-29,3,"BAN P INOX 11/2""x85"" LONG 2200W 220V 9BA"
384,2022-03-29,4,"BAN P INOX 1 1/2"" x50"" LONG 1200W 220V"
385,2022-03-29,2,"BAN P INOX 1 1/2""X12"" 240V W-MAX"
386,2022-03-29,2,"BAN P INOX 1 1/2""X14"" 240V W-MAX"
387,2022-03-29,2,"BAN P INOX 1 1/2""X16"" 240V W-MAX"
388,2022-03-29,2,"BAN P INOX 1 1/2""X18"" 240V W-MAX"
389,2022-03-29,1,TERMOPAR J 3/16 Ø X 1' 1/2 EXT. 2 MT
390,2022-03-29,1,"BOQUILLA 11/2X1""1/2"" 300W 240V"""
391,2022-03-29,1,"TUB INOX 5/16""ØX45CM 750W 120V ""U"" T/TOR"
392,2022-03-29,1,"TUB INOX 3/8""ØX120CM 2083W 220V ""U"" TORN"
393,2022-03-29,1,"TERMOPAR CERAMICO T/K"" LONG 18"" CAL 8"""
394,2022-03-29,18,"TUB INCOLOY 7/16""ØX305CM 2300W380V ESPEC"
395,2022-03-30,2,TUB INOX 8MMØX3650MM 1134W 230V RECTA
396,2022-03-30,1,"TUB INOX 5/16""ØX120MM 1200W220V ""J"" PLAC"
397,2022-03-30,3,"TERMOPAR K 3/16Ø X 1'  1/2 EXT. 1 MT"""
398,2022-03-30,1,TERMOPAR J 3/16 Ø X 1' 1/2 EXT. 10 MT
399,2022-03-30,1,"TUB COBRE 5/16""Øx145CM  1500W120V PLAC"
400,2022-03-30,1,"MAQUINADO DE PERNO 9/32""ØX20MM LATON"
401,2022-03-31,1,REPARACION DE CREPERA-FAB CAJA DE CONEXI
402,2022-03-31,1,REPARACION DE CREPERA
403,2022-03-31,60,BOBINA CAL.8 DSD C/TERMINALES EN INOX
404,2022-03-31,1,"BOQUILLA 11/2X1""1/2"" 300W 240V"""
405,2022-03-31,12,"TUB INOX. ALETA 7/16""Øx693mm 2000W 440 B"
406,2022-03-31,12,"TUB INOX 5/16""Øx64CMS 700W220V."
407,2022-03-31,1,"TUB INOX 5/16""ØX25CM 1650W220V M ESP/BUS"
408,2022-03-31,6,"CAS INOX 1/2""ØX3"" 400W 127V EXT.30CM"
409,2022-03-31,6,"CAS INOX 1/2""ØX4"" 500W 127V EXT30CM"
410,2022-03-31,25,"TUB. ENCAPSULADA 5/16Øx780mm 1500W 240V"""
411,2022-03-31,1,"TUBULAR  U"" 1/2""Øx660mm 4500W440V 3pz"""
412,2022-03-31,10,"TUB. ENCAPSULADA 5/16Øx780mm 1500W 240V"""
413,2022-03-31,3,"TUBULAR  U"" 1/2""Øx660mm 4500W440V 3pz"""
414,2022-03-31,18,TIRA INOX 38MMX1012MM 2000W 240V T/TIPOH
415,2022-03-31,2,"TUB INOX. 5/16""Øx330mm U 6KW 440V PLACA"
416,2022-03-31,4,"TUB INOX 1/4""ØX355MM 4500W230V ES PLA-NV"
417,2022-03-31,1,"TUB INOX 1/2""Øx68CM U 4000W 220V PLACA C"
418,2022-03-31,3,"TUB INOX 3/8""Øx810mm LONG RECTA 500W220V"
419,2022-03-31,1,GABINETE ELECTRICO DE 50X40X20 70KW 440V
420,2022-03-31,2,"TUB INOX 1/2""ØX147CM 35KW480V 2 1/2"" NPT"
421,2022-04-01,1,TERMOPAR J 3/16 Ø X 1' 1/2 EXT.  5 MT
422,2022-04-04,1,TERMOPAR J 3/16 Ø X 1' 1/2 EXT. 1 MT
423,2022-04-04,1,"BAN P INOX 10 1/4""X4 1/2"" 350W127V 1-IZQ"
424,2022-04-04,1,"BAN P INOX 10 1/4""X4 1/2"" 350W 127V T-TO"
425,2022-04-04,1,"BAN P INOX 10 1/4""X4 1/2"" 350W127V 3-DER"
426,2022-04-04,1,"BAN P INOX 9 1/4""X4 1/4"" 350W127V 2/TOR"
427,2022-04-04,1,"BAN P INOX 10""X 4 1/2"" 350W127V 1-IZQ"
428,2022-04-04,1,"BAN P INOX 10""X4 1/2"" 350W127V 3-DER"
429,2022-04-05,1,REPARACION PISTOLA DE CALOR 1680W 120V
430,2022-04-05,3,"TUB RECTA 1/2""ØX800MMLON 1000W 73V T/TOR"
431,2022-04-05,4,"TUB RECTA 1/2øX800mm 950W 140V"""
432,2022-04-05,1,"TUB INOX 1/4""Øx355MM 4500W230V ESP/PLAC"
433,2022-04-05,4,"TUB Ø 7/16 X 71 CM LONG ""U"" 3600W440V"
434,2022-04-05,1,"TUB INOX 7/16""ØX35CM 1500W127V ""M"" ESP"
435,2022-04-05,2,"BC PLANA 6""LARx4 1/4""ANC 2000W 220V C/TJ"
436,2022-04-06,2,REPARACION DE TERMOPAR
437,2022-04-06,1,"BOQUILLA 11/2X1""1/2"" 300W 240V"""
438,2022-04-06,4,"PT-100 3/16""ØX11/2"" EXT3MTS TEFLON Z-PIN"
439,2022-04-06,2,"BAN A COMUN 133MMØx11/2"" 900W 220V C/STD"
440,2022-04-06,1,"TERMOPAR K 3/16Ø X 1'  1/2 EXT. 3 MT"""
441,2022-04-07,5,"TUB INOX 5/16""x625mm 950W 220V U"
442,2022-04-07,3,"TUB INOX. 5/16 Øx625mm 850W,220V U"
443,2022-04-07,1,TERMOPAR J3/16 Ø X 1' 1/2 EXT.  1.5 MT
444,2022-04-07,25,"TUB INOX 1/4""ØX62"" 950W 230V"
445,2022-04-07,4,BC INOX 144MMØ X87MM 2100W 400V SIN/CAJA
446,2022-04-07,5,"PT-100 3/16""ØX1"" EXT.1MT T/PLICA CLAV-3H"
447,2022-04-07,4,CAE 12.5MMØx312.42MMLONG 90° 1200W 220V
448,2022-04-07,2,"TUB INOX 7/16""ØX26CM 1500W220V U 11/2""NP"
449,2022-04-07,1,CAS INOX 10MMØX60MM 500W 240V EXT30CM
450,2022-04-08,2,"TUB INOX 7/16""ØX155CM 5KW 440V ""U"" 2""NPT"
451,2022-04-08,1,"FAB DE TERMOPOZO 1/2""ØX768MMLOGITUD"
452,2022-04-08,1,"TUBULAR U"" 5/16"" 203MM 1500W 127V"""
453,2022-04-11,2,"TERMOPAR CERAMICO T/K"" LONG 12"" CAL 8"""
454,2022-04-11,1,"TERMOPAR CERAMICO T/ K"" LONG 12"" CAL.14"""
455,2022-04-11,3,"TUB COBRE7/16Øx590mm ""U"" 5000W 220V C/B"""
456,2022-04-11,1,TER J 6mmØx30mm 7 MTS DE LONG.
457,2022-04-11,1,"TERMOPAR K 3/16Ø X 1'  1/2 EXT. 1 MT"""
458,2022-04-11,1,"TUB INOX 7/16""ØX47CM 9000W220V PLAC"
459,2022-04-11,2,"TUE ""J"" INOX Ø 5/16 X 33 CM 5000 W 240 V"
460,2022-04-12,2,"TER J 1/4""ØX4"" CON 1/2""-1/2""NPT BLOCK-CA"
461,2022-04-12,1,"TER J 1/4""ØX15CM CON 1/2""-1/2"" C/MARINA"
462,2022-04-12,1,"TUB INOX 7/16""Øx80.5CMS U 12KW 240V TAPO"
463,2022-04-13,1,"TUB INOX 1/2""Øx410mm J 11KW 240V PLAQUIT"
464,2022-04-13,10,"PT-100 1/4""ØX1/2"" EXT.5MT BOY-2G 3 HILOS"
465,2022-04-13,1,"TUB INOX 5/16""ØX70CM 600W 127V RECTA"
466,2022-04-13,9,TUB ALETADA Ø 1/2 X 13 1/2 2000 W 220 V
467,2022-04-13,1,"TUB INOX 5/16""ØX27CM 2100W230V ""L"" PLACA"
468,2022-04-13,6,"TUB INOX 5/16""ØX248MM CLIP 2400W 220V"
469,2022-04-13,1,"TER J 1/4""ØX5"" CON 1/2""-1/2""NPT C/MARINA"
470,2022-04-13,1,"TUB INOX 5/16""ØX177MMØ 1900W220V PAR 9O°"
471,2022-04-13,1,"TUB INOX 5/16""ØX177MMØ 1900W220V PARRILL"
472,2022-04-13,25,"TUB INOX 1/4""ØX27"" 300W 230V"
473,2022-04-18,1,REPARACION DE SECADOR 460W 120V
474,2022-04-19,1,REPARACION BANDA S/BLINDAJE 1068W 120V
475,2022-04-19,3,"TU ""U"" Ø 8 MM X 500 MM 3000 W 220V"
476,2022-04-19,4,"TERMOPAR CERAMICO T/ K"" LONG 12"" CAL.14"""
477,2022-04-19,4,"TUB INCOLOY 1/2""Øx412mm J 9KW 240V PLACA"
478,2022-04-19,1,"RC 1/2""ØX40CM 650W127V T/TORNILLO"
479,2022-04-20,1,"TUB INOX 1/2""ØX670MM 22.5W480V BRIDA 6"""
480,2022-04-20,2,"PT-100 5/16""ØX40CM CON1/2""NPT EXT10M PLI"
481,2022-04-21,2,TERMOPAR J3/16 Ø X 1' 1/2 EXT.  1.5 MT
482,2022-04-21,1,"TUB INOX 7/16""ØX307MMX50MM 800W220V BUSH"
483,2022-04-21,2,BN INOX 46MMØX122MM 600W220V EXT30CM ALL
484,2022-04-21,5,"TUB INOX 5/16""ØX190MM 1250W127V TAP1""NPT"
485,2022-04-21,2,"CAE INOX 3/4""ØX39CM 1800W240V 30CM CON1"""
486,2022-04-21,6,"TEA K OJILLOX3MTS CON 1/2""-1/2""NPT"
487,2022-04-21,1,BC PLANA 132MMX280MM 2000W240V OCTAGO-TJ
488,2022-04-21,3,"TUB ""U""7/16""ØX835mm EN BRIDA3""18KW440V."
489,2022-04-21,1,TERMOPAR J 3/16 Ø X 1' 1/2 EXT. 1 MT
490,2022-04-22,3,CAM INOX 10MMØX50MM 250W 240V EXT30CM
491,2022-04-22,2,CAM INOX 10MMØX50MM 300W 240V EXT30CM
492,2022-04-22,2,TERMOPAR J 3/16 Ø X 1' 1/2 EXT. 2.5 MT
493,2022-04-22,1,"TERMOPAR K 3/16Ø X 1'  1/2 EXT. 1 MT"""
494,2022-04-22,1,BAN M/LUNA 208MMØX257MM 1350W127V EXT30
495,2022-04-22,1,"TER J 1/4""Ø x3 1/2"" LONG EXT.1MT ZAP/ESP"
496,2022-04-22,3,"TER J 1/4""Ø x3 1/2"" LONG EXT.1MT ZAP/ESP"
497,2022-04-25,10,"TUB. INOX. 5/16 Øx615mm. 2000W 440V ""U"""""
498,2022-04-25,1,"BOQUILLA 11/2X1""1/2"" 300W 240V"""
499,2022-04-25,20,"TUB INOX 1/4""ØX90"" 1350W 230V"
500,2022-04-25,1,"CAS INOX 1/4""ØX2 1/2"" 200W 127V EXT30CM"
501,2022-04-25,2,"PT-100 3/16""ØX4"" CON1/2""-1/2"" NPT EXT5MT"
502,2022-04-25,3,"TUB INOX ALETADA 1/2""Øx30CMS 1000W 480V"
503,2022-04-25,18,"TUB INCOLOY 7/16""ØX305CM 2300W380V ESPEC"
504,2022-04-26,6,"TUB INOX 5/16""ØX248MM CLIP 2400W 220V"
505,2022-04-26,10,TERMOPAR J 3/16 Ø X 1' 1/2 EXT. 2 MT
506,2022-04-26,4,BOB 8020 CAL.22 2.8MMØX2.3MTS 1800W 240V
507,2022-04-26,2,"CAE INOX 3/4""ØX39CM 1800W240V 30CM CON1"""
508,2022-04-26,2,"TUB INOX 5/16""ØX240MM 1000W 120V BUS5/8"
509,2022-04-26,1,"TUB INOX 7/16""ØX150MM 600W120V M PLAQ"
510,2022-04-26,1,"TUB INOX 1/4""ØX50CM 500W127V RECTA T/BAN"
511,2022-04-26,2,TERMOPAR J3/16 Ø X 1' 1/2 EXT.  1.5 MT
512,2022-04-27,2,"TU ""U"" Ø 8 MM X 500 MM 3000 W 220V"
513,2022-04-27,1,FAB RESISTENCIAS 11520W 480V EN BASE GAL
514,2022-04-27,2,"TUB INOX 1/2""ØX147CM 35KW480V 2 1/2"" NPT"
515,2022-04-27,5,"TERMOPAR K 3/16Ø  X 1'  1/2 EXT. 2 MT"""
516,2022-04-27,1,"TUB INOX. 5/16""Øx320mm 750W, 120V. U"
517,2022-04-27,1,"TUB INOX 5/16""ØX43CM1850W240V ""M ESP/TOR"
518,2022-04-27,3,TIRA ALETADA 38MMX760MM 1960W230V T/TOR
519,2022-04-27,5,"TUB INOX 3/8""ØX395MM CIR/ALETA 8500W230V"
520,2022-04-28,2,"TUB INOX 1/2""ØX246MM 3000W480V ""M"" BUSH"
521,2022-04-28,1,"TUB INOX 7/16""ØX40.5CM 15KW240V PLA/ESP"
522,2022-04-28,5,PT-100 6MMØX30MM EXT3MT BAY-2G RES/MALLA
523,2022-04-28,2,"P.CUARZO 19""LARGOx10"" ANCHO 5KW 480V"
524,2022-04-29,1,"TERMOPAR CERAMICO T/K"" LONG 12"" CAL 8"""
525,2022-04-29,1,BAN P INOX 258MMX385MM 3000W220V EXT3MT
526,2022-04-29,1,"TUB INOX 3/8""ØX35CM 3200W240V J TAP11/2"""
527,2022-04-29,1,"TERMOPAR CERAMICO T/K"" LONG 12"" CAL 8"""
528,2022-04-29,2,"TERMOPAR CERAMICO T/ K"" LONG 12"" CAL.14"""
529,2022-04-29,12,"CAE INOX 5/8""ØX73CM 2400W 240V RON/EXT1M"
530,2022-04-29,2,"TUB INOX7 /16x115CMS CLIP15KW220V PLACA"""
531,2022-04-29,7,"TUBULAR  ""U"" 5/16""Øx13.5"" 4500W480V 3pz"
532,2022-04-29,4,"TUBULAR  U"" 1/2""Øx660mm 4500W440V 3pz"""
533,2022-04-29,35,"TUB. ENCAPSULADA 5/16Øx780mm 1500W 240V"""
534,2022-04-29,10,"TUBULAR  U"" 1/2""Øx660mm 4500W440V 3pz"""
535,2022-04-29,1,"TUB INOX 1/2""ØX20""Ø 7000W240V ESPIRAL/BU"
536,2022-05-02,10,"CAS INOX 3/8""ØX1 1/2"" 80W 127V EXT.30CM"
537,2022-05-02,2,BB INOX 40MMØX80MM 400W 240V EXT.30CM
538,2022-05-03,2,"TER T 3/16""ØX1 1/2"" EXT 1M TEFON/MALLA"
539,2022-05-03,6,"TERMOPAR K 3/16Ø  X 1'  1/2 EXT. 2 MT"""
540,2022-05-03,1,"TERMOPAR CERAMICO T/K"" LONG 24"" CAL 8"""
541,2022-05-03,1,BOBINA 8020 44MMX180MM 150W220V AIS/CERA
542,2022-05-04,2,ELEMENTO K CAL.8X131.6MM CERAM/BLOCK CER
543,2022-05-04,5,"TERMOPAR CERAMICO T/K"" LONG 12"" CAL 8"""
544,2022-05-04,1,"TERMOPAR CERAMICO T/ K"" LONG 12"" CAL.14"""
545,2022-05-04,1,"BAN P INOX 5 1/2""X4 1/2"" 600W220V ESPEC"
546,2022-05-04,17,"TUB INOX 1/4""ØX90"" 1350W 230V"
547,2022-05-04,4,"TUB U"" 7/16 Ø X50 CM 10 KW 440 V DELTA"""
548,2022-05-04,4,"TUB INOX 7/16""ØX510MM ""U""8000W 440V TAP"
549,2022-05-04,1,TERMOPAR J 3/16 Ø X 1' 1/2 EXT. 1 MT
550,2022-05-05,6,"TUB INOX 7/16""Øx190mm 2000W 400V BUS/LAT"
551,2022-05-05,2,BAN A/COMUN 165MMØX60MM 800W 254/440V
552,2022-05-05,10,"TERMOPAR K 3/16Ø  X 1'  1/2 EXT. 2 MT"""
553,2022-05-05,1,"TUB INOX 3/8""ØX235MM 3300W 230V CLIP/PLA"
554,2022-05-05,1,BAN P COMUN 45MMX390MM 1200W240V B/CERAM
555,2022-05-05,1,REPARACION TERMINALES BANDA 1500W 220V
556,2022-05-05,1,"TERMOPAR K 3/16Ø  X 1'  1/2 EXT. 2 MT"""
557,2022-05-06,1,"RC 1/2""ØX38.5CM 600W 120V T/TORNILLO CER"
558,2022-05-06,2,FABRICACION DE CRISOL 500W 127V 50-60HZ
559,2022-05-06,2,"TUB INOX 1/2""ØX25CM 1500W 127V ""M"" C/BUS"
560,2022-05-06,15,"TERMOPAR K 3/16Ø  X 1'  1/2 EXT. 2 MT"""
561,2022-05-09,1,REPARACION PORTA MATRAZ 1035W 115V
562,2022-05-09,4,BOBINA 8020 44MMX180MM 150W220V AIS/CERA
563,2022-05-09,1,REPARACIÓN DE SELLADORA 30CM 146W 120V
564,2022-05-09,1,"TUB INOX 7/16""ØX268MM 4KW270V 4 CLIP/PLA"
565,2022-05-09,20,"TEA J"" 3/16""Øx22MM EXT2MT BAY2GIR/ADAPT"
566,2022-05-09,6,"RC 1/2""Ø X 34"" LONG 1000W 12OV TE/GANCHO"
567,2022-05-09,1,"TUBULAR  J"" 5/16"" 230MM 4500W 220V"""
568,2022-05-09,5,"FAB  DE TERMOPOZO 1/4""ØX22CM EN PLACA"
569,2022-05-10,1,"TEA K 1/2""ØX18""X24"" ESCUADRA BLOCK/CMARI"
570,2022-05-10,5,PT-100 6MMØX30MM EXT3MT BAY-2G RES/MALLA
571,2022-05-10,5,TEA J 6MMØX30MM EXT.2MT RESOR/BOY2G/CLAV
572,2022-05-11,1,TERMOPAR J3/16 Ø X 1' 1/2 EXT.  1.5 MT
573,2022-05-11,1,"CAS INOX 1/2""ØX2"" 400W 240V EXT.1MT"
574,2022-05-11,1,"TUB INOX 1/2""ØX65.8CM 4500W260V M C/TJ"
575,2022-05-11,6,"TEA K OJILLOX3MTS CON 1/2""-1/2""NPT"
576,2022-05-11,5,"TERMOPAR CERAMICO T/K"" LONG 12"" CAL 8"""
577,2022-05-11,2,TERMOPAR J3/16 Ø X 1' 1/2 EXT.  1.5 MT
578,2022-05-11,10,"TER J 3/16""ØX45MM LONG EXT.1MTLONG MALLA"
579,2022-05-11,5,"TER K 3/16""ØX1"" EXT.7MTS MALLA  Z/ESPADA"
580,2022-05-12,2,BC PLANA 132MMX280MM 2000W240V OCTAGO-TJ
581,2022-05-12,2,BB INOX 40MMØX51MM 300W 240V EXT.30CM
582,2022-05-12,1,"TUB INOX 1/4""Øx355MM 4500W230V ESP/PLAC"
583,2022-05-12,4,"CAE 9.4MMØx2""LONG ESC90°150W 220V Ext22"""
584,2022-05-12,1,REPARACION DE HORNO 7000W 220V
585,2022-05-12,1,"TUB INOX 7/16""ØX30CM 300W127V RECTA/CERA"
586,2022-05-13,1,BAN P A/COMUN 185MMX245MM 1200W440V T/TO
587,2022-05-13,2,"TUB INOX 5/16""ØX800MM 2000W127V ""J"" TBOY"
588,2022-05-13,1,REPARACION EQUIPO COCINA 5000W 22OV
589,2022-05-13,2,"CAS INOX 5/8""ØX7"" 500W220V EXT.1MT MALLA"
590,2022-05-13,2,"TER J OJILLO 3/16""Ø EXT1.5MTS MALLA/RESO"
591,2022-05-17,1,"TIRA P INOX 8 7/8""ØX11/2"" 1950W240V ALET"
592,2022-05-17,1,"TIRA P INOX 12 1/2""ØX11/2"" 3100W240V ALE"
593,2022-05-17,1,"BOQUILLA 11/2X1""1/2"" 300W 240V"""
594,2022-05-17,1,"TERMOPAR K DOBLE CAL8 x18 FUND INOX 316"""
595,2022-05-17,1,"TERMOPAR K DOBLE CAL8 x18 FUND INOX 316"""
596,2022-05-17,2,"TER EK DOBLE1/2Øx12""x24"" EN INOX-T316"""
597,2022-05-17,2,"TER EK DOBLE1/2Øx12""x24"" EN INOX-T316"""
598,2022-05-18,3,"TUB INOX 1/2""Øx90CMS U 25KW 440V TAPON 2"
599,2022-05-18,1,REAPARACION DE HORNO 1800W 120V
600,2022-05-19,1,"TUB INOX 5/16""ØX15CMØ 1200W127V PARR/90°"
601,2022-05-19,4,"TUB INCOLOY 1/2""Øx412mm J 9KW 240V PLACA"
602,2022-05-19,1,"TUB INOX 1/4""ØX455MM 1560W127V M ES/PLAC"
603,2022-05-19,2,"TER J OJILLO 3/16""Ø EXT 5MT MALLA ZAP"
604,2022-05-19,2,"TER J OJILLO 3/16""Ø EXT 10MT MALLA ZAP"
605,2022-05-19,2,PT-100 6MMØX110MM EXT15MTS TEFLON/ZAP
606,2022-05-20,8,"PT-100 DE Ø 3/16 X4"" DE LONG. 80 CM"
607,2022-05-20,5,"TUB INOX 7/16""Øx500mm U 3000W 220V BU5/8"
608,2022-05-20,8,"TUB INOX 5/16""ØX142MM ""J"" 1000W120V SAND"
609,2022-05-20,2,"PT-100 3/16""ØX11/2"" EXT3MTS TEFLON Z-PIN"
610,2022-05-23,3,TERMOPAR J 3/16 Ø X 1' 1/2 EXT. 1 MT
611,2022-05-23,1,REPARACION HORNO 1500W 120V
612,2022-05-23,4,"TUBULAR  U"" 1/2""Øx660mm 4500W440V 3pz"""
613,2022-05-23,1,"TUB INOX 3/8""ØX186.5CM ""U"" 3000W220V CAP"
614,2022-05-23,6,"TUB INOX 7/16""ØX498MM 3000W220V M ESP/PL"
615,2022-05-24,60,CAS INOX 18.5MMØX205MM 950W 440V EXT30CM
616,2022-05-25,1,"TUB INOX 3/8""ØX775MM 850W 120V RECTA TOR"
617,2022-05-25,20,"TER J 1/8""Øx115mm LONG EXT. DE 1220mm CL"
618,2022-05-25,1,"BOQUILLA 11/2X1""1/2"" 300W 240V"""
619,2022-05-26,15,CARTUCHO Ø 8 MM X340 MM 500W 220 V
620,2022-05-26,8,CARTUCHO Ø8MM X 260MM 500W 220V
621,2022-05-26,6,CARTUCHO Ø 10 MM X 460 MM 500W 220V
622,2022-05-26,1,FABRICACION TUB  J INOX 2000W 127V C/TE
623,2022-05-26,10,"CART INOX 1/2""Øx16CMS 700W 120V CABLE 50"
624,2022-05-26,2,TERMOPAR J 3/16 Ø X 1' 1/2 EXT. 2 MT
625,2022-05-26,28,TERMOPAR J 3/16 Ø X 1' 1/2 EXT. 10 MT
626,2022-05-26,1,"TEA J 3/16""ØX12"" CONEC-5/16""ØX1"" EXT1MT"
627,2022-05-27,2,"TERMOPAR CERAMICO T/K"" LONG 24"" CAL 8"""
628,2022-05-27,2,"TUB INOX 5/16""ØX30CM 800W 240V U DOB90°"
629,2022-05-27,3,"TUB INOX 5/16""ØX30CM 800W 240V U DOB90°"
630,2022-05-27,1,TERMOPAR J 3/16 Ø X 1' 1/2 EXT. 3 MT
631,2022-05-27,2,"CAS INOX 5/8""ØX3 1/2"" 300W 127V EXT30CM"
632,2022-05-30,3,"TUBULAR U"" 5/16"" 203MM 1500W 127V"""
633,2022-05-31,2,BAN P INOX 80MMØX255MM 450W 220V T/TOR
634,2022-05-31,2,"CART INOX 1/2""Øx3"" 250W 230V CABLE STD"
635,2022-05-31,6,"TUB ALET U 5/16""ØX470MM 1000W 440V BUS/L"
636,2022-05-31,4,"BANDA MED. LUNA 22.1/2""x6"" 3kW 460V"
637,2022-05-31,2,CAS 12MMØX312MM 300W110V ESCUAD EXT102CM
638,2022-05-31,4,"TUB INOX 5/16""ØX25CM 1000W127V 1""NPTCAJA"
639,2022-05-31,2,"TUB INOX 5/16""ØX25CM 250OW127V 1""NPTCAJA"
640,2022-05-31,10,"TUB INOX 5/16Øx1790mm 1300W 220V BUSHIG"""
641,2022-05-31,8,"CARTUCHO 3/8"" X 8"" 250W, 240V. TUBO PLIC"
642,2022-05-31,5,"CBE INOX 3/8""ØX8"" 250W 240V EXT42"" 37""PL"
643,2022-05-31,2,"TER K 1/4""ØX3/4"" TORNILLO/LOCO EXT.80CM"
644,2022-06-01,1,TERMOPAR J 3/16 Ø X 1' 1/2 EXT.  5 MT
645,2022-06-01,5,TUBULAR 11mmØx850mm 6kW 500V 6pz
646,2022-06-02,16,"TUB ALET U 5/16""ØX470MM 1000W 440V BUS/L"
647,2022-06-02,6,CAS INOX 12MMØX230MM 950W440V EXT.30CM
648,2022-06-02,1,"TUB COBRE 5/16""Øx250mm CLIP 2600W 110VTA"
649,2022-06-02,4,"AK DOBLE 3/16""ØX530MM PLACA-CER4POLOS"
650,2022-06-02,2,"TUB INOX 5/16""ØX23CM 500W127V CLIP 11/4"""
651,2022-06-02,1,"CBE INOX 1/2""ØX120MM 110W115V EX50CM CON"
652,2022-06-02,2,TER J 4MMØX65MM EXT1M MALLA INOX TRAN6MM
653,2022-06-03,2,"TUBULAR  J"" 5/16"" 230MM 4500W 220V"""
654,2022-06-03,36,TUB ESP 10MMØX1985MM 1000W 440V BUS/SOPO
655,2022-06-06,1,"TUB INOX 1/2""ØX75CM ""U"" 30KW440V BRIDA6"""
656,2022-06-06,2,BAN A/COMUN 165MMØX89MM 1200W440V C/STD
657,2022-06-06,2,BAN A/COMUN 258MMØX35MM 1000W440V T/TOR
658,2022-06-06,1,BAN P A/COMUN 185MMX245MM 1200W440V T/TO
659,2022-06-06,1,"BOQUILLA 11/2X1""1/2"" 300W 240V"""
660,2022-06-07,1,REPARACION DE TERMINAL DE RESISTENCIA
661,2022-06-07,1,"BOQUILLA 11/2X1""1/2"" 300W 240V"""
662,2022-06-07,12,"TUB INOX 5/16""ØX190MM 1250W127V TAP1""NPT"
663,2022-06-08,1,"TUBULAR  J"" 5/16"" 230MM 4500W 220V"""
664,2022-06-09,1,REPARACION DE P/SERIGRAFIA  1800W 110V
665,2022-06-09,10,"CAS INOX 5/8""ØX10"" 1200W 240V EXT1MT"
666,2022-06-09,30,BOBINA CAL.8 DSD C/TERMINALES EN INOX
667,2022-06-09,1,"TUB INOX 7/16""ØX36CM 6000W 240V PLAC/CUE"
668,2022-06-09,2,"CAS INOX 1/4""ØX2"" 175W240V EXT30CM C/TJ"
669,2022-06-09,4,"TERMOPAR CERAMICO T/K"" LONG 12"" CAL 8"""
670,2022-06-09,4,"TERMOPAR CERAMICO T/ K"" LONG 12"" CAL.14"""
671,2022-06-09,4,TERMOPAR J 3/16 Ø X 1' 1/2 EXT. 3.5 MT
672,2022-06-10,1,REPARACION HORNO 15KW 440V TOTAL
673,2022-06-10,2,"TUB INOX 5/16""ØX15CM 537W 127V PARR/90°"
674,2022-06-10,2,"TER J 1/4""ØX12"" CAB/MAR TERM-3/4""NPT"
675,2022-06-10,1,"TUBULAR  J"" 5/16"" 230MM 4500W 220V"""
676,2022-06-13,1,TERMOPAR J 3/16 Ø X 1' 1/2 EXT. 1 MT
677,2022-06-13,1,"TUB INOX 3/8""ØX35CM 3200W240V J TAP11/2"""
678,2022-06-13,2,"TUB INOX 1/2""ØX65.8CM 4500W260V M C/TJ"
679,2022-06-14,4,"TUB INOX716Øx1421mm LONG ""M"" 3000W/220V"""
680,2022-06-14,3,"TUBULAR U"" 5/16"" 203MM 1500W 127V"""
681,2022-06-14,6,BOB DSD CAL.12 17.7MMØX55CM  5.2 OHMS
682,2022-06-14,1,"TUB INOX 7/16""ØX50CM 18KW220V ""J"" ESP/PL"
683,2022-06-15,3,"CAS INOX 1/4""ØX2"" 175W240V EXT30CM C/TJ"
684,2022-06-15,1,"BOQUILLA 11/2X1""1/2"" 300W 240V"""
685,2022-06-15,2,BOB 8020 CAL.26 5MMØX70CM 30W 127V GAZA
686,2022-06-16,10,BOB 8020 5.5MMØX750MM 1500W115V GAZ40
687,2022-06-16,12,CBS INOX 8MMØX265MM 500W 220V EXT.1MT
688,2022-06-16,1,"TERMOPAR CERAMICO T/K"" LONG 12"" CAL 8"""
689,2022-06-16,20,"TUB. ENCAPSULADA 5/16Øx780mm 1500W 240V"""
690,2022-06-16,2,TUBULAR 11mmØx450mm 4500W 480V 6pz
691,2022-06-16,1,"TERMOPAR K 3/16Ø  X 1'  1/2 EXT. 2 MT"""
692,2022-06-16,1,"TUB INOX 5/16""ØX32CM 1250W 127V ""M"" BUSH"
693,2022-06-17,2,"CAS INOX 3/4""ØX12"" 4000W 260V EXT12"" FV"
694,2022-06-17,2,"CAS INOX 3/4""ØX24"" 2700W 220V EXT.12"" FV"
695,2022-06-17,2,"CAS INOX 3/4""ØX85MM 500W 240V EXT.12"" FV"
696,2022-06-17,2,"CAS INOX 3/4""ØX260CM 2000W260V EXT.12""FV"
697,2022-06-17,5,TERMOPAR J3/16 Ø X 1' 1/2 EXT.  1.5 MT
698,2022-06-17,5,TERMOPAR J 3/16 Ø X 1' 1/2 EXT. 2 MT
699,2022-06-17,1,"TU ""U"" Ø 8 MM X 500 MM 3000 W 220V"
700,2022-06-17,4,"TER K 5/16""ØX10"" CON1/2""-1/2"" EXT10M C/M"
701,2022-06-17,6,"TER K 3/16""ØX10CM 1/2""X22CM 1/2""NPT/MAR"
702,2022-06-17,6,"TUB INOX 5/8""ØX83.5CM 1050W136V T/TORN"
703,2022-06-17,2,"CAS INOX 3/8""ØX8 1/2"" 500W 110V EXT.40CM"
704,2022-06-17,1,"TERMOPAR K 3/16Ø X 1'  1/2 EXT. 1 MT"""
705,2022-06-20,2,"TERMOPAR CERAMICO T/ K"" LONG 12"" CAL.14"""
706,2022-06-20,2,BAN A/COMUN 117MMØX100MM 1250W240V C/STD
707,2022-06-21,6,"TUB INOX 3/8""ØX102CM 2000W400V ""M"" BUSH"
708,2022-06-21,6,"TUB INOX 3/8""ØX107CM 2000W400V ""M"" BUSH"
709,2022-06-21,1,"TUB INOX 5/16""ØX15CM 537W 127V PARR/90°"
710,2022-06-21,1,TERMOPAR J 3/16 Ø X 1' 1/2 EXT. 6 MT
711,2022-06-21,4,"TERMOPAR CERAMICO T/K"" LONG 12"" CAL 8"""
712,2022-06-21,4,"TERMOPAR CERAMICO T/ K"" LONG 12"" CAL.14"""
713,2022-06-21,3,TERMOPAR J 3/16 Ø X 1' 1/2 EXT. 2 MT
714,2022-06-22,4,CAM INOX 10MMØX10CM 300W 127V EXT.30CM
715,2022-06-22,2,"TUB INOX 7/16""ØX335MM 1800W 440V ""M"" BUS"
716,2022-06-22,15,"TERMOPAR K 3/16Ø  X 1'  1/2 EXT. 2 MT"""
717,2022-06-22,2,BAN P COMUN 218MMX85MM 800W440V 2BA T/TO
718,2022-06-22,2,BAN P COMUN 219MMX275MM 1800W440V 4B/TOR
719,2022-06-22,2,BAN P A/COMUN 185MMX245MM 1200W440V T/TO
720,2022-06-22,1,"TUB INOX 3/8""ØX175MM 350W220V ""U"" BUSH"
721,2022-06-22,2,"TUB INOX 5/16""ØX203MM 1500W 240V U TAP1"""
722,2022-06-23,30,PRE-SEPARADOR CINTA 7.8 OHMSX 3MT LONG
723,2022-06-23,4,BOB 8020 CAL.17 19MMØX355MM LON 21KW240V
724,2022-06-23,1,FAB BOB 8020 CAL.17 7000W 240V M/BAST
725,2022-06-23,1,"CAS INOX 1/4""ØX2"" 175W240V EXT30CM C/TJ"
726,2022-06-24,6,"TUB INOX 5/8""ØX485MM 750W 254V RECTA/ALE"
727,2022-06-24,4,"CAS INOX 1/4""ØX2 1/2"" 125W 127V EXT30CM"
728,2022-06-24,2,TEA K ELEMENTO 12CMX EXT.40CM CERAMICO
729,2022-06-24,2,"TUB INOX 7/16""ØX510MM ""U""8000W 440V TAP"
730,2022-06-24,10,"PT-100 2MMX1"" DESNUDO EXT.113CM SOGUILLA"
731,2022-06-24,3,"CAE 9.4MMØx2""LONG ESC90°150W 220V Ext22"""
732,2022-06-27,10,"TER T 3/16""ØX47MM EXT 3MT CON/SOG/CLAV"
733,2022-06-27,10,"TER T 3/16""ØX82MM EXT 3MT CON/SOG/CLAV"
734,2022-06-27,2,AK 1MMØX15CM EXT1MT MALLA CLA/MACHO
735,2022-06-27,1,"TUB INOX 5/16""ØX800MM 2000W127V ""J"" TBOY"
736,2022-06-28,1,"PT-100 1/4""ØX15CM CON1/2""-1/2""NPT EXT30C"
737,2022-06-28,2,"BAN INOX 4""ØX4"" 500W230V T/TOR C/ALLEN"
738,2022-06-28,2,BAN INOX 41MMØX203MM 1000W220V C/STD
739,2022-06-28,9,"CAS INOX 3/8""ØX1 1/2"" 80W 127V EXT.30CM"
740,2022-06-28,6,"TER J 3/16""x6"" LONG EXT 1.5 MTS PLICA"
741,2022-06-28,3,"TUB ""U""7/16""ØX835mm EN BRIDA3""18KW440V."
742,2022-06-28,2,"TUB INOX. 7/16""Øx700mm U 10KW 440V U TAP"
743,2022-06-29,1,TERMOPAR J 3/16 Ø X 1' 1/2 EXT. 3 MT
744,2022-06-29,1,BAN P COMUN 45MMX390MM 1200W240V B/CERAM
745,2022-06-29,1,REPARACION TERMINALES BANDA 1500W 220V
746,2022-06-29,100,BOBINA DSD CAL.17 12mmØx410mm 4000W 254V
747,2022-06-29,5,BOBINA BASTIDOR 12mmØx410mm 12kW440V 3pz
748,2022-06-30,4,"TUB INOX. 5/16""Øx625mm 1200W, 220V. U"
749,2022-06-30,5,"TUB INOX 5/16""x625mm 950W 220V U"
750,2022-06-30,6,"TUB INOX. 5/16 Øx625mm 850W,220V U"
751,2022-06-30,2,P.CUARZO 10CMX20CM 1600W440V EXT30CM TK
752,2022-06-30,1,P.CUARZO 10CMX50CM 4000W440V EXT30CM TK
753,2022-06-30,1,"TUB INOX 1/4""ØX40CM 6000W230V ""U"" PLACA"
754,2022-06-30,6,"TER T 3/16""ØX11/2"" EXT.3MT PUNTA OJILLO"
755,2022-06-30,4,"PT-100 3/8""ØX35MM EXT.1.5MT CON-1/2""NPT"
756,2022-06-30,1,"TUB INOX 7/16""ØX42CM 2000W 240V ""M"" BUSH"
757,2022-06-30,1,"TUB INOX 7/16""ØX690MM 1000W 127V ""U"" BUS"
758,2022-06-30,4,"TUB INOX 1/4""Øx297mm 1750W 220V ESP BUSH"
759,2022-06-30,1,"TERMOPAR CERAMICO T/ K"" LONG 12"" CAL.14"""
760,2022-06-30,3,"TERMOPAR CERAMICO T/K"" LONG 12"" CAL 8"""
761,2022-06-30,3,"TUB INOX 5/16""ØX325MM 1700W 240V ""M"" BUS"
762,2022-06-30,1,"TUBU"" 5/16""Øx280mm 600W 127V C/PLACA"""
763,2022-07-04,7,"TUBULAR  U"" 1/2""Øx660mm 4500W440V 3pz"""
764,2022-07-04,1,"TEA K"" 18mmØx540mm CABEZA MARINA"""
765,2022-07-04,2,BAN INOX 130MMØX60MM 800W 220V/380V
766,2022-07-04,2,"TUB INOX 7/16""ØX510MM ""U""8000W 440V TAP"
767,2022-07-04,1,BAN M/LUNA INOX 205mmx143mm. 1200W 120V
768,2022-07-04,1,"TER J 3/16""ØX4"" EXT.2MT MALLA/RES/ZAP"
769,2022-07-05,3,"TUBULAR  ""U"" 5/16""Øx13.5"" 4500W480V 3pz"
770,2022-07-06,1,"TERMOPAR CERAMICO T/K"" LONG 24"" CAL 8"""
771,2022-07-06,1,"TUB INOX 7/16""ØX42CM 2000W 240V ""M"" BUSH"
772,2022-07-06,2,BAN M/LUNA 100MMØX41MM 200W240V C/STD
773,2022-07-06,2,BAN M/LUNA 270MMX42MM 900W 240V C/STD
774,2022-07-06,2,BAN P COMUN 62MMX140MMX200M 900W240V ORI
775,2022-07-06,2,BAN P COMUN 62MMX140MMX200M 900W240V STD
776,2022-07-06,1,TERMOPAR J 3/16 Ø X 1' 1/2 EXT. 7 MT
777,2022-07-06,1,TERMOPAR J 3/16 Ø X1'  1/2 EXT.  8 MT
778,2022-07-06,1,TERMOPAR J 3/16 Ø X 1' 1/2 EXT. 6 MT
779,2022-07-06,1,BP S/BLINDAJE 160MMX160MM 900W127V EXT3O
780,2022-07-07,10,ABRAZADERA INOX PARA AJUSTE 2 pz c/u
781,2022-07-07,20,"TEA J"" 3/16""Øx22MM EXT2MT BAY2GIR/ADAPT"
782,2022-07-07,15,"TEA J"" 3/16""Øx22MM EXT2MT BAY2GIR/ADAPT"
783,2022-07-07,1,"TERMOPAR K DOBLE CAL8 x18 FUND INOX 316"""
784,2022-07-07,2,"TER EK DOBLE1/2Øx12""x24"" EN INOX-T316"""
785,2022-07-07,6,"TUB ALET U 5/16""ØX470MM 1000W 440V BUS/L"
786,2022-07-07,1,"FAB TERMOPOZO 6MMØX85MM CON 1/2""NPT"
787,2022-07-08,4,"TER J OJILLO 1/4""Ø EXT 5MT MALLA/RES/ZAP"
788,2022-07-08,1,"PT-100 3/16""ØX1 1/2"" EXT.7MT TEFLON 2HIL"
789,2022-07-08,1,"TERMOPAR CERAMICO T/ K"" LONG 12"" CAL.14"""
790,2022-07-11,1,"TER J OJILLO 3/16""Ø EXT 5MT MALLA ZAP"
791,2022-07-11,6,"TER J OJILLO 3/16""Ø EXT 10MT MALLA ZAP"
792,2022-07-11,1,PT-100 6MMØX110MM CONECTOR EXT15MTS
793,2022-07-11,2,BS/BLINDAJE 168MMXLADO 700W127V F/OCTAGO
794,2022-07-12,2,BAN A/COMUN 345MMØX71MM 2000W 440V STD
795,2022-07-12,3,BAN P COMUN 30MMX114CM 1500W110V T/TORNI
796,2022-07-12,5,"PT-100 3/16""ØX11/2"" EXT3MTS TEFLON Z-PIN"
797,2022-07-12,8,"TUB INOX ALETA 5/16""ØX600MM U 2KW254V BU"
798,2022-07-12,1,"TUB INOX 7/16""ØX42CM 2000W 240V ""M"" BUSH"
799,2022-07-12,54,CAS INOX 12.5MMØX125MM 300W 280V EXT1MT
800,2022-07-12,27,CAS INOX 12.5MMØX165MM 300W 280V EXT.1MT
801,2022-07-12,3,CAS INOX 12.5MMØX265MM 400W 280V EXT.1MT
802,2022-07-12,3,CAS INOX 12.5MMØX85MM 150W 280V EXT.1MT
803,2022-07-13,3,"TERMOPAR CERAMICO T/K"" LONG 12"" CAL 8"""
804,2022-07-13,1,"PT-100 1/4""ØX215MM EXT1.5MT CON7/16""FINO"
805,2022-07-13,1,"TUB INOX 3/8""ØX210MM 1500W 240V CIRC/90°"
806,2022-07-13,4,BAN P INOX 80MMX250MM 400W 220V T/TOR
807,2022-07-15,1,TERMOPAR J 3/16 Ø X 1' 1/2 EXT.  5 MT
808,2022-07-15,2,"TUB INOX 1/2""ØX147CM 35KW480V 2 1/2"" NPT"
809,2022-07-15,3,"TER J 1/8""ØX120MM EXT2MT MALLA/TRAN5/16"""
810,2022-07-15,1,TERMOPAR J 3/16 Ø X 1' 1/2 EXT. 1 MT
811,2022-07-15,3,"CBS INOX 1/2""ØX8"" 350W 110V ESC EXT30CM"
812,2022-07-18,4,"PT-1000 1/4""ØX2"" EXT. 1MT DE PVC 2 HILOS"
813,2022-07-18,5,"AEROPACK J 1/8""ØX88MM EXT3MT CON1/8""NPT"
814,2022-07-18,4,"TUB INOX 5/6""ØX30CM 1800W220V ""J"" ESP/CO"
815,2022-07-18,2,"ELEM K CAL. 8 x12"" C/FUNDA CERAMICA"
816,2022-07-18,10,"PT-100 3/16""Øx3 1/2"" LONG EXT3MTS,3HILOS"
817,2022-07-18,11,"TUB INOX 5/16""x2580mm M 1800W 220V BUSHI"
818,2022-07-18,1,"TERMOPAR CERAMICO T/ K"" LONG 12"" CAL.14"""
819,2022-07-19,1,REAPARACION PLANCHA SERIGRAFIA 1.8KW120V
820,2022-07-20,1,TERMOPAR J 3/16 Ø X 1' 1/2 EXT. 3 MT
821,2022-07-20,2,TERMOPAR J 3/16 Ø X 1' 1/2 EXT.  5 MT
822,2022-07-20,1,"TUB INOX 5/16""ØX215MM 1500W 240V U 1""NPT"
823,2022-07-21,1,"TUB INOX 1/2""Øx68CM U 4000W 220V PLACA C"
824,2022-07-21,4,CARTUCHO Ø 8 MM X340 MM 500W 220 V
825,2022-07-21,4,CARTUCHO Ø 8MM X 520 MM 500 W 220 V
826,2022-07-21,4,CBE INOX 10MMØX460MM 300W 48V EXT30CM
827,2022-07-21,4,CART INOX 11.43mmØx450mm 300W 48V CABLE
828,2022-07-21,1,REPARACION CARTUCHO 27MMØX2150MM 2KW440V
829,2022-07-21,2,REPARACION CARTUCHO 27MMØX1800MM 2KW440V
830,2022-07-21,1,REPARACION CARTUCHO 27MMØX1697MM 2KW440V
831,2022-07-21,1,"TUB COBRE 7/16""Øx415MM 18KW 500V ""J"" 3PZ"
832,2022-07-21,30,BOBINA CAL.8 DSD C/TERMINALES EN INOX
833,2022-07-21,3,"TEA K 1/2""Øx1800mm CON1/2-1/2 C/MARINA"
834,2022-07-21,1,PT-100 4mmx100mm EXT 2 MTS DOBLEZ A 45°
835,2022-07-21,2,"CAS INOX 3/8""ØX5 1/2"" 250W240V EX1.5M PL"
836,2022-07-21,2,"TUB INOX 5/16""ØX205MM 1500W240V ESPIR/BU"
837,2022-07-21,4,P.CUARZO 98MMX340MM 1600W110V EXT11CM TK
838,2022-07-21,4,P.CUARZO 98MMX340MM 1600W110V EXT. 11CM
839,2022-07-21,5,P.CUARZO 10CMX25.5CM 1000W240V EX40CM TK
840,2022-07-22,2,TERMOPAR J3/16 Ø X 1' 1/2 EXT.  1.5 MT
841,2022-07-22,21,"TUB INOX ALETADA 7/16""ØX26CM 950W277V U"
842,2022-07-22,1,"TUB INOX 1/2""ØX670MM 22.5W480V BRIDA 6"""
843,2022-07-22,4,"TUB INOX 7/16""ØX490MM U ESP 3200W 220V"
844,2022-07-22,1,"BAN P INOX 5 1/2""X5 1/2"" 660W220V EX30CM"
845,2022-07-22,1,"BAN P INOX 5 1/2""X4 1/2"" 600W220V ESPEC"
846,2022-07-22,1,"BAN P INOX 5 1/2""X5 1/2"" 660W220V EX30CM"
847,2022-07-22,1,"BAN P INOX 5 1/2""X4 1/2"" 600W220V ESPEC"
848,2022-07-22,6,"TER J 3/16""ØX1"" EXT7MT MALLA Z/INOX"
849,2022-07-25,2,"BOQUILLA 2X2""  350W 240V"""
850,2022-07-26,2,"TUB INOX 1/2""X66CM 4500W 480V 2 1/2"" 3PZ"
851,2022-07-26,1,REPARACION DE BATIDOR 16.6KW 440V
852,2022-07-26,12,"TUB INOX 5/16""ØX190MM 1250W127V TAP1""NPT"
853,2022-07-26,10,"PT-100 3/16""Øx3 1/2"" LONG EXT3MTS,3HILOS"
854,2022-07-27,1,"TUB COBRE 7/16""Øx415MM 18KW 500V ""J"" 3PZ"
855,2022-07-27,10,"TERMOPAR K 3/16Ø  X 1'  1/2 EXT. 2 MT"""
856,2022-07-28,4,"PT-100 3/8""ØX4"" EXT.1.5MT CON-1/4""NPT"
857,2022-07-28,5,"TER J 4MMØX4"" EXT 5MT F/MALLA/RES/ZAP ES"
858,2022-07-28,5,"TER K 4MMØX4"" EXT 5MT F/MALLA/RES/ZAP ES"
859,2022-07-28,1,"TUB INOX 3/8""ØX35CM 3200W240V J TAP11/2"""
860,2022-07-29,5,BAN MICA Ø120MM X 50 MM 700W 440V T TOR
861,2022-07-29,1,RESISTENCIA 10CMX10CM 1060W120V B/CERAMI
862,2022-07-29,1,"TUB INOX 5/16""ØX150MMX221MM 1000W127V BU"
863,2022-07-29,2,BAN M/LUNA 165MMØX178MM 2000W 440V T/TOR
864,2022-07-29,2,BAN P COMUN 10CMX15CM 500W440V T/TOR4ORI
865,2022-07-29,2,BAN P A/COMUN 185MMX245MM 1200W440V T/TO
866,2022-07-29,1,FABRICACIÓN ESPECIAL 1300W 115V
867,2022-07-29,1,"TERMOPOZO 3/8""ØX10CM CONEC 1/2""-1/2""NPT"
868,2022-07-29,10,"PT-100 1/4""ØX3 1/2"" CON 1/2""-1/2""NPT C/M"
869,2022-07-29,6,"CAS INOX 3/4""ØX12"" 4000W 260V EXT12"" FV"
870,2022-07-29,6,"CAS INOX 3/4""ØX24"" 2700W 220V EXT.12"" FV"
871,2022-07-29,6,"CAS INOX 3/4""ØX85MM 500W 240V EXT.12"" FV"
872,2022-07-29,6,"CAS INOX 3/4""ØX260CM 2000W260V EXT.12""FV"
873,2022-07-29,10,CARTUCHO Ø 8 MM X 500 MM 500 W 220 V
874,2022-07-29,6,CARTUCHO Ø 8 MM X340 MM 500W 220 V
875,2022-07-29,16,"TUBULAR ""U"" 11mmØx510mm 3kW 289/500W 3pz"
876,2022-07-29,3,"TUB INOX 7/16""ØX595MM 5000W 220V ""U"" BUS"
877,2022-08-01,5,"TERMOPAR CERAMICO T/K"" LONG 12"" CAL 8"""
878,2022-08-01,5,"TERMOPAR CERAMICO T/ K"" LONG 12"" CAL.14"""
879,2022-08-02,7,"TUB INOX 5/16""ØX132CM 1500W 127V ESP-BUS"
880,2022-08-03,3,PISTOLA DE AIRE 3500W 220V
881,2022-08-03,1,"TUB INOX 5/16""Øx40CMS U 2000W 220V TAPON"
882,2022-08-04,10,TERMOPAR J 3/16 Ø X 1' 1/2 EXT. 2 MT
883,2022-08-08,5,TERMOPAR J 3/16 Ø X 1' 1/2 EXT. 1 MT
884,2022-08-08,2,TERMOPAR J 3/16 Ø X 1' 1/2 EXT. 2 MT
885,2022-08-08,3,TERMOPAR J 3/16 Ø X 1' 1/2 EXT. 3 MT
886,2022-08-08,3,"TERMOPAR CERAMICO T/K"" LONG 12"" CAL 8"""
887,2022-08-08,4,"TUBULAR  ""U"" 5/16""Øx13.5"" 4500W480V 3pz"
888,2022-08-08,30,"TUB. ENCAPSULADA 5/16Øx780mm 1500W 240V"""
889,2022-08-08,4,"TUBULAR  ""U"" 5/16""Øx13.5"" 4500W480V 3pz"
890,2022-08-08,20,"TUB. ENCAPSULADA 5/16Øx780mm 1500W 240V"""
891,2022-08-08,4,"TUBULAR  U"" 1/2""Øx660mm 4500W440V 3pz"""
892,2022-08-08,2,TERMOPAR J3/16 Ø X 1' 1/2 EXT.  1.5 MT
893,2022-08-09,4,"TER J 3/16""ØX45CM EXT5MT RES/CLAV/MACH"
894,2022-08-09,1,"TUB INOX 1/4""ØX110CM 1100W120V RECTA PLA"
895,2022-08-10,4,"TUB Ø 7/16 X 71 CM LONG ""U"" 3600W440V"
896,2022-08-10,1,"TUB INOX 5/16""ØX24CM 750W220V J TAPBOY"
897,2022-08-10,4,PISTOLA DE AIRE 3500W 220V
898,2022-08-10,3,"TER EK DOBLE1/2Øx12""x24"" EN INOX-T316"""
899,2022-08-10,2,"TERMOPAR K DOBLE CAL8 x18 FUND INOX 316"""
900,2022-08-10,4,CALTA 8MM Ø X 240 MM 500 W 220 V RECTO
901,2022-08-10,1,"TER J ESCUADRA 3/16""ØX25CMX5CM EXT 1.5MT"
902,2022-08-10,1,"TUB INOX 1/2""ØX500MM 10KW 220V 2 1/2""NPT"
903,2022-08-10,2,"TUB INOX 7/16""ØX58CM 4200W 480V ""U"" PLAC"
904,2022-08-10,12,"TUB INOX 5/8""ØX485MM 750W 254V RECTA/ALE"
905,2022-08-11,2,BAN INOX 40MMØX170MM 700W 240V T/TOR
906,2022-08-11,1,"TUB INOX 7/16""ØX650MM 7600W 220V 2""NPT"
907,2022-08-11,30,BOBINA CAL.8 DSD C/TERMINALES EN INOX
908,2022-08-11,1,REAPARACION DE HORNO 1500W 127V
909,2022-08-11,1,"TERMOPAR CERAMICO T/ K"" LONG 18"" CAL.14"""
910,2022-08-11,1,TERMOPAR J 3/16 Ø X 1' 1/2 EXT. 2 MT
911,2022-08-12,5,"CAE 9.4MMØX2.372"" 150W120V ESC90° EXT22"""
912,2022-08-12,4,TJ 4MMØX30MM EXT.70.66CM MALLA INOX/ZAP
913,2022-08-12,1,"TER J 6MMØX2""  EXT.50CM F/SILICON Z/PIN"
914,2022-08-12,2,"TU Ø 3/8X 1155 MM ""J"" 1500W 440 V"
915,2022-08-12,1,"TU Ø3/8 X 1155 MM ""J"" 1500W 440V TERMOST"
916,2022-08-15,1,"TUB INOX 1/4""Øx355MM 4500W230V ESP/PLAC"
917,2022-08-15,15,"TUB INOX 3/8""ØX95MM 900W115V CUADRADA"
918,2022-08-15,4,CAS 6.5MMØX40MM 200W 127V EXT.3MT C/TJ
919,2022-08-15,3,"TEA K 1/2""ØX254MMLON 1/2""-1/2""NPT CAB/MA"
920,2022-08-15,3,"TER K CAL. 8 x10"" C/FUNDA CERAMICA 17MM"
921,2022-08-16,1,"AK 1/8""ØX15"" CONEC3/8""NPTX5/16"" CLAV MAC"
922,2022-08-16,21,"TUB INOX ALETADA 7/16""ØX26CM 950W277V U"
923,2022-08-16,2,TIRA P INOX. 300mmx38mm 500W 220V TORNIL
924,2022-08-16,2,"TUB INOX 5/16""ØX352MMX215MM 900W127V TOR"
925,2022-08-17,1,TERMOPAR J3/16 Ø X 1' 1/2 EXT.  1.5 MT
926,2022-08-17,1,TERMOPAR J 3/16 Ø X 1' 1/2 EXT. 1 MT
927,2022-08-17,2,BOB 8020 CAL.22 2.8MMØX2MT GAZA 50MM 127
928,2022-08-17,3,BOB 8020 CAL.22 2.8MMØX3MT GAZA 50MM 127
929,2022-08-17,4,"BANDA MED. LUNA 22.1/2""x6"" 3kW 460V"
930,2022-08-17,1,"TUB INOX 1/4""ØX150CM 900W 230V 27DOBLEZ"
931,2022-08-18,1,"TUB INOX 1/2""ØX670MM 22.5W480V BRIDA 6"""
932,2022-08-18,1,TERMOPAR J 3/16 Ø X 1' 1/2 EXT. 7 MT
933,2022-08-18,1,BAN MICA INOX 33mmØx26mm 100W 230V CAJA
934,2022-08-19,3,BOB 8020 4MMØX600MM 1000W 127V T/OJILLO
935,2022-08-19,6,"TUB INOX 5/16""ØX700MM 780W 220V ""M"" ESPE"
936,2022-08-19,3,"TUB INOX 5/16""ØX795MM 780W 120V T/TORNI"
937,2022-08-19,1,TERMOPAR J 3/16 Ø X 1' 1/2 EXT. 2 MT
938,2022-08-19,3,"TUB INOX 5/16""Øx132MM 1000W 230V ESP/CAB"
939,2022-08-19,1,TER J 6MMØX21MM EXT.1.5MTS MALLA/RESORTE
940,2022-08-19,1,TERMOPAR J 3/16 Ø X 1' 1/2 EXT. 1 MT
941,2022-08-19,1,TERMOPAR J3/16 Ø X 1' 1/2 EXT.  1.5 MT
942,2022-08-22,1,"TUB INOX 5/16""ØX296MM 1300W 110V ""M"" ESP"
943,2022-08-22,2,"TUB INOX 1/2""ØX345MM 500W240V U BUSH-M18"
944,2022-08-22,2,"TUB INOX 1/2""ØX246MM 3000W480V ""M"" BUSH"
945,2022-08-22,1,"TER J 6MMØX2""  EXT.50CM F/SILICON Z/PIN"
946,2022-08-23,20,PT-100 FORMA ESPECIAL EXT. DE 1.5 MTS
947,2022-08-23,6,"TUB INOX 7/16""Øx190mm 2000W 400V BUS/LAT"
948,2022-08-23,3,BN INOX 111MMØX85MM 1000W127V CIERRE STD
949,2022-08-23,10,ABRAZADERA INOX PARA AJUSTE 2 pz c/u
950,2022-08-23,3,"TUB RECTA 1/2øX800mm 950W 140V"""
951,2022-08-23,3,"TUB RECTA 1/2""ØX800MMLON 1000W 73V T/TOR"
952,2022-08-23,7,TERMOPAR J 3/16 Ø X 1' 1/2 EXT. 7 MT
953,2022-08-23,1,"TERMOPAR CERAMICO T/K"" LONG 24"" CAL 8"""
954,2022-08-23,8,"CART INOX 3/4""x24"" LONG 1500W 220V"
955,2022-08-23,1,TERMOPAR J 3/16 Ø X 1' 1/2 EXT. 3 MT
956,2022-08-24,1,"TERMOPAR CERAMICO T/K"" LONG 18"" CAL 8"""
957,2022-08-24,5,"TUB ""J"" Ø 8 MM X 240 CM 5500 W 220 V"
958,2022-08-24,1,BAN INOX 192MMØX150MM 3500W 440V C/ALLEN
959,2022-08-25,2,REPACION A SELLADORA DE BANDA CONTINUA
960,2022-08-25,2,RESIST TIPO BOBINA CAL. 6 DSD 30 KW 440V
961,2022-08-26,3,PISTOLA DE AIRE 3500W 220V
962,2022-08-26,1,BC INOX 245MMØX346MM 6KW 480V EXT3MTS
963,2022-08-26,1,"TIRA INOX 38MMX60CM 1000W220V T/TIPO ""C"""
964,2022-08-26,2,"TUB INOX 5/16""ØX76CM 1200W 230V ESP"
965,2022-08-29,2,"TUB INOX 7/16""ØX510MM ""U""8000W 440V TAP"
966,2022-08-29,10,"TERMOPOZO COBRE 3/8""x126mm 1/2""A1/2"" NPT"
967,2022-08-29,2,FAB BOB 100MMX200MM 4500W480W AHOGA/ALUC
968,2022-08-29,1,FAB BOB 100MMX500MM 7500W480W AHOGA/ALUC
969,2022-08-29,2,"CBE 5/8""ØX1.75MTLON 1500W440V T/PLICA"
970,2022-08-29,2,"BOQUILLA 11/2X1""1/2"" 300W 240V"""
971,2022-08-30,4,"ELEM K CAL. 8 x12"" C/FUNDA CERAMICA"
972,2022-08-31,2,"TUB INOX 1/4""ØX155MM 930W127V ESP-7DOBLE"
973,2022-08-31,5,"TUB INOX 3/8""Øx4040mm ESP 4000W 254V"
974,2022-08-31,12,"CBS INOX 5/8""ØX152MM 400W 220V EXT.35CM"
975,2022-08-31,15,"CAS INOX 5/8""ØX5 1/2"" 1050W 240V ESC90°"
976,2022-08-31,20,"TUB. ENCAPSULADA 5/16Øx780mm 1500W 240V"""
977,2022-08-31,20,PT-100 6MMØX6CM EXT 4MT TEFLON 4HILOS
978,2022-08-31,20,"TERMOPAR K 3/16Ø  X 1'  1/2 EXT. 2 MT"""
979,2022-08-31,4,"TUB INOX7 /16x115CMS CLIP15KW220V PLACA"""
980,2022-08-31,2,"TER J 1/4""ØX6"" EXT3MT CONEC/DESLIZ 1/4""Ø"
981,2022-08-31,1,"TUB INOX 5/16""ØX25CM 3000W240V ""U""T/PUMA"
982,2022-08-31,1,"TUB INOX 5/16""ØX315MM 3KW240V 3 ELIPSES"
983,2022-08-31,1,TER K  PUNTA PINX60CM MALLA INOX ZAP/PIN
984,2022-09-02,10,TERMOPAR J 3/16 Ø X 1' 1/2 EXT. 2.5 MT
985,2022-09-02,1,"TERMOPAR CERAMICO T/K"" LONG 24"" CAL 8"""
986,2022-09-02,1,"TUB INOX 1/2""Øx650mm U 12KW 220V TAPON"
987,2022-09-02,1,TERMOPAR J 3/16 Ø X 1' 1/2 EXT. 2 MT
988,2022-09-02,1,"RC 5/8""ØX75CM 4200W 480V CLAVIJA T/PLANC"
989,2022-09-05,3,"TERMOPAR CERAMICO T/K"" LONG 24"" CAL 8"""
990,2022-09-05,12,"CAS INOX 3/4""ØX16"" 750W 240V EXT.30CM"
991,2022-09-05,10,"CAS INOX 3/4""ØX16"" 1000W 240V EXT.30CM"
992,2022-09-05,2,"TUBULAR  J"" 5/16"" 230MM 4500W 220V"""
993,2022-09-06,1,"TUBULAR U"" 11mmØx510mm 3kW 460V 3pz"""
994,2022-09-06,1,"TERMOPAR K DOBLE CAL8 x18 FUND INOX 316"""
995,2022-09-06,1,TERMOPAR K DOBLE CAL14x21 FUNDA CERAMICA
996,2022-09-06,4,"TER EK DOBLE1/2Øx12""x24"" EN INOX-T316"""
997,2022-09-07,20,"PT-100 3/16""Øx3 1/2"" LONG EXT3MTS,3HILOS"
998,2022-09-07,1,"PT-100 5/16""ØX1MT CON1/2""-1/2""NPT C/MARI"
999,2022-09-07,8,"CAS INOX 1/2""ØX8"" 500W 127V EXT30CM"
1000,2022-09-07,1,"TUS INOX 5/16""ØX30CM 1000W 127V ""U"""
1001,2022-09-08,3,"BC PLANA 6""LARx4 1/4""ANC 2000W 220V C/TJ"
1002,2022-09-08,2,BOB 8020 CAL.19 1612W 127V CER-10CANALES
1003,2022-09-08,2,BOB 8020 CAL.19 1612W 127V CER-8CANALES
1004,2022-09-08,2,"CAS INOX 1/2""ØX3"" 400W 127V EXT.30CM"
1005,2022-09-08,2,"TERMOPAR CERAMICO T/K"" LONG 24"" CAL 8"""
1006,2022-09-08,9,CAS INOX 12.5MMØX165MM 300W 280V EXT.1MT
1007,2022-09-08,1,CAS INOX 12.5MMØX265MM 400W 280V EXT.1MT
1008,2022-09-08,1,CAS INOX 12.5MMØX85MM 150W 280V EXT.1MT
1009,2022-09-08,2,BAN P INOX 75MMX254MM 350W 127V T/TOR
1010,2022-09-08,1,"TUB INOX.5/16""Øx473mm U 2500W 220V TAPO"
1011,2022-09-08,2,BAN P INOX 75MMX254MM 350W 127V T/TOR
1012,2022-09-08,3,"TUB INOX 7/16""ØX595MM 5000W 220V ""U"" BUS"
1013,2022-09-09,20,"TUB. ENCAPSULADA 5/16Øx780mm 1500W 240V"""
1014,2022-09-09,1,TUBULAR 11mmØx450mm 4500W 480V 6pz
1015,2022-09-09,1,"TERMOPAR CERAMICO T/K"" LONG 12"" CAL 8"""
1016,2022-09-09,2,"TUB INOX 1/4""Øx355MM 4500W230V ESP/PLAC"
1017,2022-09-09,1,"TUB INOX 5/16""ØX205MM 1000W 127V ""U"" BUS"
1018,2022-09-12,1,"BOQUILLA 11/2X1""1/2"" 300W 240V"""
1019,2022-09-12,10,TERMOPAR J 3/16 Ø X 1' 1/2 EXT. 2.5 MT
1020,2022-09-12,3,"TUB INOX 1/4""Øx150MM 900W 220V ESP/NAYLA"
1021,2022-09-12,4,"CAS INOX 1/2""ØX5"" 750W127V EXT.30CM"
1022,2022-09-12,4,"CAS INOX 1/2""ØX41/2"" 500W127V ESCUADRA"
1023,2022-09-12,2,TERMOPAR J 3/16 Ø X1'  1/2 EXT.  8 MT
1024,2022-09-12,2,TERMOPAR J 3/16 Ø X 1' 1/2 EXT. 4 MT
1025,2022-09-13,1,"TERMOPAR CERAMICO T/ K"" LONG 12"" CAL.14"""
1026,2022-09-13,10,"CAS INOX1/4""ØX4 1/2"" 350W240V ESCUADRA"
1027,2022-09-13,1,"BOQUILLA 11/2X1""1/2"" 300W 240V"""
1028,2022-09-14,1,"TUB INOX 3/8""ØX66MMØ 250W 127V CIRCULAR"
1029,2022-09-14,10,"TER K 3/16""ØX1"" EXT.7MTS MALLA  Z/ESPADA"
1030,2022-09-14,3,"TUB INOX716Øx1421mm LONG ""M"" 3000W/220V"""
1031,2022-09-14,14,TERMOPAR J 3/16 Ø X 1' 1/2 EXT. 2 MT
1032,2022-09-14,6,TERMOPAR J 3/16 Ø X1'  1/2 EXT.  8 MT
1033,2022-09-14,1,REPARACION MARCADORA DE LLANTAS
1034,2022-09-14,1,REPARACION DE SELLADORA DE 30CM
1035,2022-09-14,1,"TUB INOX 1/2""ØX500MM 9000W 240V C/PLACA"
1036,2022-09-14,1,"TUB INOX 1/2""ØX495MM 3000W220V U PLA/ACO"
1037,2022-09-15,1,"TUB INOX 3/8""ØX235MM 3300W 230V CLIP/PLA"
1038,2022-09-15,2,"TUB INOX 1/2X903mm 3000W 120V BUSHING"""
1039,2022-09-19,2,TIRA P INOX. 300mmx38mm 500W 220V TORNIL
1040,2022-09-19,2,"CAS INOX 3/8""ØX4"" 200W 127V EXT.30CM"
1041,2022-09-19,1,"TUBULAR  J"" 5/16"" 230MM 4500W 220V"""
1042,2022-09-19,1,"TUBULAR  J"" 5/16"" 230MM 4500W 220V"""
1043,2022-09-19,2,"TUB INOX 7/16""ØX510MM ""U""8000W 440V TAP"
1044,2022-09-19,1,TERMOPAR J 3/16 Ø X 1' 1/2 EXT. 3 MT
1045,2022-09-19,1,"TUB INOX 7/16""ØX505MM 4500W 440V U/PLAC"
1046,2022-09-20,1,"TUB INOX 1/2""ØX746MM 30KW 440V ""U"" BRI8"""
1047,2022-09-20,1,TERMOPAR J 3/16 Ø X 1' 1/2 EXT. 2 MT
1048,2022-09-20,1,"TUB INOX 5/16""ØX30CM 2000W 240V ""M"" BUSH"
1049,2022-09-20,1,"TUB INOX 1/4""ØX1105MM 900W 127V RECTA/ZA"
1050,2022-09-20,1,"TER J 3/16""ØX8"" CON 1/2""-1/2"" NPT C/MAR"
1051,2022-09-20,1,"TUB COBRE 5/16""ØX158MM 1250W 127V ""J""TAP"
1052,2022-09-21,3,"TER K 5/16""ØX310MM CON-1/2""NPT PROC C/MA"
1053,2022-09-22,2,"TUB U"" 7/16""x500mm 7000W480V 3PZ/1JGO"""
1054,2022-09-22,3,"TUB RECTA 1/2øX800mm 950W 140V"""
1055,2022-09-22,6,"TUB RECTA 1/2""ØX800MMLON 1000W 73V T/TOR"
1056,2022-09-22,6,"TERMOPAR ""K"" C/ELEMENTO CAL.8 X750 MM"
1057,2022-09-22,1,"TUB INOX 1/2""ØX360MM 1500W 480V ESP"
1058,2022-09-22,3,"TUB INOX 5/16""ØX90CM 1500W 480V ""L"" TOR"
1059,2022-09-22,4,TIRA INOX 38MMX60CM 1000W 220V T/CENTRO
1060,2022-09-22,2,"TUB INOX 5/16""ØX362CM 5000W220 V T/CABLE"
1061,2022-09-22,1,TUE Ø 8 MM X 303 APROX 5000 W 220 V
1062,2022-09-22,1,"TUB INOX 5/16""ØX307MM  2100W220V ""M"" CUA"
1063,2022-09-22,1,REPARACION TUBO PYREX 7.2 OHMS
1064,2022-09-22,1,TERMOPAR J 3/16 Ø X 1' 1/2 EXT. 2 MT
1065,2022-09-22,1,"BOQUILLA 11/2X1""1/2"" 300W 240V"""
1066,2022-09-23,1,"BOQUILLA 2X2""  350W 240V"""
1067,2022-09-23,1,"TUB INOX 7/16""ØX42CM 2000W 240V ""M"" BUSH"
1068,2022-09-23,1,"TUB INOX 7/16""ØX42CM 2000W 240V ""M"" BUSH"
1069,2022-09-23,4,"CAR INOX 3/8""Øx26CMS LONG 1200W 127V CAB"
1070,2022-09-23,4,"CBS INOX 3/8"" DE ØX61CMTS1200W127V TF"
1071,2022-09-23,1,"TUB INCOLOY 1/2""Øx412mm J 9KW 240V PLACA"
1072,2022-09-23,1,"TUB INCOLOY 1/2""Øx412mm J 9KW 240V PLACA"
1073,2022-09-23,1,"TUB INCOLOY 1/2""Øx412mm J 9KW 240V PLACA"
1074,2022-09-23,1,"TUB INCOLOY 1/2""Øx412mm J 9KW 240V PLACA"
1075,2022-09-23,2,"TERMOPAR CERAMICO T/K"" LONG 12"" CAL 8"""
1076,2022-09-23,18,BP S/BLINDA 300MMX698MM 2500W 230V 18BA
1077,2022-09-23,18,BP S/BLINDA 300MMX698MM 2000W 230V 18BA
1078,2022-09-23,4,TERMOPAR J 3/16 Ø X 1' 1/2 EXT. 1 MT
1079,2022-09-26,8,FAB RESISTENCIA DSD CAL.12 X40CMX10CM
1080,2022-09-26,2,BC INOX 144MMØ X87MM 2100W 400V SIN/CAJA
1081,2022-09-26,2,BL INOX 60mmØx50mm 400W 120/240V EXT30CM
1082,2022-09-26,2,BAN INOX 146MMØX40MM 500W230V CINT/ALLEN
1083,2022-09-26,2,"BAN INOX 9""ØX3"" ANCH 1700W 230V T/CABLE"
1084,2022-09-26,1,PT-100 7.5MMØX95MM EXT.48CM 3H C/MACHO
1085,2022-09-26,10,PT-100 6MMØX30MM EXT3MT BAY-2G RES/MALLA
1086,2022-09-26,5,TEA J 6MMØX30MM EXT.2MT RESOR/BOY2G/CLAV
1087,2022-09-26,3,"TUB INOX 7/16""ØX330MM 1100W 210V ALE/BUS"
1088,2022-09-26,3,"TUA ""U"" 1/2""Øx18"" 4kW 220V BUSHING LATON"
1089,2022-09-26,3,"CAS INOX 5/8""ØX6"" 500W 240V EXT30CM"
1090,2022-09-26,10,"PRECALENTADOR 2""Øx61/2""  500W127V"
1091,2022-09-27,4,"TUA ""U"" 7/16""X1000mm 5KW 440V C/TAP LAT"
1092,2022-09-27,4,"TERMOPAR CERAMICO T/ K"" LONG 12"" CAL.14"""
1093,2022-09-28,30,"TUB. ENCAPSULADA 5/16Øx780mm 1500W 240V"""
1094,2022-09-29,4,TIRA INOX 38MMX45CM 750W220V TER/TIPO H
1095,2022-09-29,2,BAN INOX 260MMØX35MM 1000W 440V EXT30CM
1096,2022-09-29,10,CERAMICO OVALADO P/ ELEMENTO C-14- 2 BAR
1097,2022-09-29,7,"TERMOPAR CERAMICO T/ K"" LONG 12"" CAL.14"""
1098,2022-09-29,30,"TUB INOX 7/16""Øx950mm U 2777W 440V BUSHI"
1099,2022-09-29,3,TERMOPAR J3/16 Ø X 1' 1/2 EXT.  1.5 MT
1100,2022-09-30,2,"TUB INOX. 5/16""Øx1160mm 1750W120V BUSHIN"
1101,2022-09-30,2,"TUB INOX 1/2""ØX80CM 80KW 440V ""U"" PLAC"
1102,2022-09-30,10,"TUB INOX 5/16""ØX190MM 1250W127V TAP1""NPT"
1103,2022-09-30,1,"AK 1/16""ØX265MM EXT1MT MALLA  C/MACHO"
1104,2022-09-30,4,FABRICACIÓN ESPECIAL 1300W 115V
1105,2022-09-30,2,"CAS INOX 5/8""ØX2"" 300W 240V EXT.30CM"
1106,2022-09-30,2,"CAS INOX 1/2""ØX2"" 300W 240V EXT30CM"
1107,2022-09-30,8,"TUB INOX. 5/16""Øx510mm CLIP 9KW 230V TAP"
1108,2022-09-30,1,"TUB INOX 5/16""ØX390MM 3350W 240V ESP/ZAP"
1109,2022-09-30,1,"TUB INOX 7/16""ØX277MM 2000W 220V ""M"" BUS"
1110,2022-09-30,2,"CAS INOX 3/8""ØX11/2"" 175W127V C/TJ EXT30"
1111,2022-09-30,4,"CAS INOX. 3/8""Øx4"" LONG 500W 120V CABLE"
1112,2022-10-04,1,"TERMOPAR CERAMICO T/K"" LONG 24"" CAL 8"""
1113,2022-10-04,1,"TERMOPAR K 3/16Ø  X 1'  1/2 EXT. 2 MT"""
1114,2022-10-04,1,"TERMOPAR K 3/16Ø X 1'  1/2 EXT. 3 MT"""
1115,2022-10-04,4,"TERMOPAR CERAMICO T/K"" LONG 12"" CAL 8"""
1116,2022-10-04,1,"TER K 1/4""ØX4"" CON1/2""-1/2"" NPT C/MAR"
1117,2022-10-04,5,TERMOPAR J 3/16 Ø X 1' 1/2 EXT. 7 MT
1118,2022-10-04,10,"TERMOPAR K 3/16Ø X 1'  1/2 EXT. 3 MT"""
1119,2022-10-04,1,BAN M/LUNA 190MMØX230MMX46MM 1350W127V T
1120,2022-10-04,1,"TUB INOX 1/4""ØX1450MM ""U"" ESP 7500W440V"
1121,2022-10-04,2,BAN P COMUN 24MMØX108CM 1750W220V T/TORN
1122,2022-10-05,1,"BOQUILLA 2X2""  350W 240V"""
1123,2022-10-05,3,"TERMOPAR CERAMICO T/ K"" LONG 12"" CAL.14"""
1124,2022-10-06,2,TERMOPAR J3/16 Ø X 1' 1/2 EXT.  1.5 MT
1125,2022-10-06,1,REPARACION MUFLA DE 3600W 230V
1126,2022-10-06,4,"TUB Ø 7/16 X 71 CM LONG ""U"" 3600W440V"
1127,2022-10-07,1,BAN P INOX 155MMX80MM 343W 220V EXT30CM
1128,2022-10-07,4,"BOQUILLA 2X2""  350W 240V"""
1129,2022-10-07,3,BASTIDOR RESISTENCIAS ELSTEIN 12KW 460V
1130,2022-10-07,2,BAN INOX 298MMØX50MM 1500W 240V T/TOR
1131,2022-10-07,2,BAN INOX DE 176MMØX100MM 2000W 240V T/TO
1132,2022-10-07,1,REPARACION HORNO 1000W 110V
1133,2022-10-10,3,"TU ""U"" Ø 8 MM X 500 MM 3000 W 220V"
1134,2022-10-10,10,"TERMOPAR CERAMICO T/K"" LONG 12"" CAL 8"""
1135,2022-10-10,6,"TUB INOX 7/16""ØX495MM 3000W 240V BUSH"
1136,2022-10-11,1,"TUBULAR U"" 11mmØx510mm 3kW 460V 3pz"""
1137,2022-10-11,1,"BANDA MED. LUNA 22.1/2""x6"" 3kW 460V"
1138,2022-10-12,1,"BAN P INOX 5 1/2""X5 1/2"" 660W220V EX30CM"
1139,2022-10-12,1,"BAN P INOX 5 1/2""X4 1/2"" 600W220V ESPEC"
1140,2022-10-12,10,"TUB ""J"" Ø 3/8 X 1155 MM TOTAL 2400 W 440"
1141,2022-10-12,5,"TU ""J"" Ø 3/8 X 1155 MM 2400W 440V TERMOS"
1142,2022-10-12,4,"CAS INOX 3/8""ØX4"" 400W 127V EXT 1M/SOGUI"
1143,2022-10-12,20,"TUB. ENCAPSULADA 5/16Øx780mm 1500W 240V"""
1144,2022-10-12,3,"TUBULAR  U"" 1/2""Øx660mm 4500W440V 3pz"""
1145,2022-10-12,1,"TUB INOX 5/16""ØX30CM 2000W 240V ""M"" BUSH"
1146,2022-10-13,6,"TUB INOX 7/16""ØX72CM 1000W 220V RECTA"
1147,2022-10-13,1,"TUB INOX 1/4""ØX215MMX175MM 820W110V CUAD"
1148,2022-10-14,1,"TUB INOX 5/16""ØX215MM 1500W 240V U 1""NPT"
1149,2022-10-14,6,CALTA 8MM Ø X 240 MM 500 W 220 V RECTO
1150,2022-10-14,10,CARTUCHO 8MMØ X290MM 500W 220V
1151,2022-10-14,10,CARTUCHO Ø 8 MM X340 MM 500W 220 V
1152,2022-10-14,10,CARTUCHO Ø 8MM X 520 MM 500 W 220 V
1153,2022-10-14,7,CARTUCHO DE 8MM X 590MM LONG. 500W 220V
1154,2022-10-14,10,CARTUCHO ESC.Ø 8MM X 325 MM 500W 220V
1155,2022-10-14,10,"CARTUCHO ALTA 1/4 Ø X 12 500 W 220V"""
1156,2022-10-17,3,"TUB INCOLOY 1/2""Øx412mm J 9KW 240V PLACA"
1157,2022-10-17,1,BAN P INOX 121MMX121MM 250W 240V ESP
1158,2022-10-17,1,BAN P INOX 255MMX120MM 1250W 240V T/TOR
1159,2022-10-17,1,BAN P INOX 260MMX186MM 1800W 240V T/TOR
1160,2022-10-17,1,BAN P INOX 120MMX47.5MMX23MM 250W 240V T
1161,2022-10-18,10,CAS INOX 12.5MMØX125MM 300W 280V EXT1MT
1162,2022-10-18,10,CAS INOX 12.5MMØX165MM 300W 280V EXT.1MT
1163,2022-10-18,1,CAS INOX 12.5MMØX265MM 400W 280V EXT.1MT
1164,2022-10-18,1,CAS INOX 12.5MMØX85MM 150W 280V EXT.1MT
1165,2022-10-18,3,"TUB RECTA 1/2øX800mm 950W 140V"""
1166,2022-10-18,6,"TUB U"" 7/16 Ø X50 CM 10 KW 440 V DELTA"""
1167,2022-10-18,1,"TUB INOX 5/16""ØX203MM 1500W 240V U TAP1"""
1168,2022-10-18,1,"TUB INOX 1/4""ØX113CM 1000W 127V ESPECIAL"
1169,2022-10-19,6,CAS INOX 8MMØX120MM 350W260V EXT.1.5MT
1170,2022-10-19,6,CAS INOX 12.5MMØX200MM 1300W260V EXT1.5M
1171,2022-10-19,1,REPARACION DE TERMINALES DE CARTUCHO
1172,2022-10-19,2,"TUA INCOLOY 1/2""ØX59CM 15KW220V T2 1/2"""
1173,2022-10-19,11,BP S/BLINDA 300MMX698MM 2500W 230V 18BA
1174,2022-10-19,5,PISTOLA DE AIRE 3500W 220V
1175,2022-10-19,6,TERMOPAR J 3/16 Ø X 1' 1/2 EXT. 2 MT
1176,2022-10-20,1,"TEA 1/4""ØX11.5MM EXT.5MT C-1/2""NPT RESOR"
1177,2022-10-20,2,"TEA 1/4""ØX11.5MM EXT.5MT C-1/2""NPT RESOR"
1178,2022-10-20,1,BAN INOX 225MMØX39MM 400W 127V EXT30CM
1179,2022-10-20,1,"TERMOPAR CERAMICO T/K"" LONG 18"" CAL 8"""
1180,2022-10-20,1,"TERMOPAR CERAMICO T/K"" LONG 24"" CAL 8"""
1181,2022-10-20,1,"TERMOPAR CERAMICO T/ K"" LONG 12"" CAL.14"""
1182,2022-10-20,2,"TUB INOX 7/16""x105CMS 1500W 220V BUSHING"
1183,2022-10-20,1,BOB DSD CAL.15 9.5MMØX2MT 1680W127V GAZA
1184,2022-10-21,8,"CAS INOX 1/2""ØX1 1/2"" 250W 127V EXT.30CM"
1185,2022-10-21,5,CAS 12MMØX312MM 300W110V ESCUAD EXT102CM
1186,2022-10-21,2,"TUB INOX 1/2""X66CM 4500W 480V 2 1/2"" 3PZ"
1187,2022-10-21,3,"CAS INOX 1/2""ØX3 1/2"" 400W 127V EXT.30CM"
1188,2022-10-21,12,"CARTUCHO 3/8"" X 8"" 250W, 240V. TUBO PLIC"
1189,2022-10-21,6,"CBE INOX 3/8""ØX8"" 250W 240V EXT42"" 37""PL"
1190,2022-10-21,10,"TUB INOX 5/16Øx1790mm 1300W 220V BUSHIG"""
1191,2022-10-24,1,"BAN P INOX 5 1/2""X5 1/2"" 660W220V EX30CM"
1192,2022-10-24,1,"BAN P INOX 5 1/2""X4 1/2"" 600W220V ESPEC"
1193,2022-10-24,1,BAN P INOX 168MMX88MM 300W 240V EXT50CM
1194,2022-10-24,1,BAN P INOX 115MMX93MM 300W 240V EXT50CM
1195,2022-10-24,1,BAN P INOX 178MMX110MMX150MM 500W240V
1196,2022-10-24,3,"BC PLANA 6""LARx4 1/4""ANC 2000W 220V C/TJ"
1197,2022-10-24,1,"TEA K 3/16""ØX3/4"" EXT1.5MT CON-1/8"" NPT"
1198,2022-10-24,2,"TUB INOX 5/16""ØX114CM 1500W 220V U 1NPT"
1199,2022-10-24,1,"TUB INOX 1/2""ØX85CM 22KW 440V CLIP/PLAC"
1200,2022-10-24,1,"TEA J 3/16""ØX40CM EXT3MT C/TORNILLO 1/4"""
1201,2022-10-25,1,"TUB INOX 5/16""ØX43CM1850W240V ""M ESP/TOR"
1202,2022-10-25,1,"TUB INOX 5/16""ØX43CM1850W240V ""M ESP/TOR"
1203,2022-10-25,8,BC INOX 137MMØX100MM 1800W 240V BLOCK
1204,2022-10-25,4,BAN P INOX 45MMX200MM 350W 240V EXT30CM
1205,2022-10-25,4,BAN P INOX 70MMX122MM 350W 240V EXT30CM
1206,2022-10-25,2,"BAN INOX 2""ØX7"" 750W 127V EXT.30CM CANTO"
1207,2022-10-25,4,"BOQUILLA 2X2""  350W 240V"""
1208,2022-10-26,2,TERMOPAR J 3/16 Ø X 1' 1/2 EXT. 1 MT
1209,2022-10-26,2,"CAS INOX 1/4""ØX5 1/2"" 400W 240V EXT30CM"
1210,2022-10-26,2,"CAS INOX 1/4""ØX6"" 400W 240V EXT30CM"
1211,2022-10-26,2,TERMOPAR J 3/16 Ø X 1' 1/2 EXT. 3.5 MT
1212,2022-10-26,6,"CAS INOX 1/2""ØX4"" 600W 240V EXT3M 30CMSI"
1213,2022-10-26,1,"CAS INOX 1/2""ØX4"" 600W240V EXT3M PLI30CM"
1214,2022-10-26,1,"TEA J 1/4""ØX8"" EXT1.5MT C/TORNILLO-3/8""Ø"
1215,2022-10-26,1,BAN M/LUNA 280MMØX260MM 3000W 440V CLAV
1216,2022-10-27,2,TERMOPAR J 3/16 Ø X1'  1/2 EXT.  8 MT
1217,2022-10-27,4,TERMOPAR J 3/16 Ø X 1' 1/2 EXT. 6 MT
1218,2022-10-27,4,TERMOPAR J 3/16 Ø X 1' 1/2 EXT. 4 MT
1219,2022-10-27,2,"TER J 3/16""ØX2"" EXT50CM ZAP/PIN"
1220,2022-10-27,20,FAB RESISTENCIA DSD CAL.12 X40CMX10CM
1221,2022-10-27,1,TERMOPAR J 3/16 Ø X 1' 1/2 EXT. 2 MT
1222,2022-10-27,1,"TUB INOX 1/2""X66CM 4500W 480V 2 1/2"" 3PZ"
1223,2022-10-28,1,REP. DE ELEMENTO TK CAL.20X36.5XCM
1224,2022-10-28,1,"TUB INOX 7/16""ØX40CM 1000W 127V ""M"" BUSH"
1225,2022-10-28,1,"TUB INOX 7/16""ØX40CM 1000W 127V ""M"" BUSH"
1226,2022-10-28,4,FABRICACIÓN ESPECIAL 1300W 115V
1227,2022-10-28,1,"TUB INOX. 5/16""Øx320mm 750W, 120V. U"
1228,2022-10-28,2,TERMOPAR J3/16 Ø X 1' 1/2 EXT.  1.5 MT
1229,2022-10-31,2,"TUB INOX 1/4""ØX80CM 800W127V RECTA T/ZAP"
1230,2022-10-31,1,TERMOPAR J3/16 Ø X 1' 1/2 EXT.  1.5 MT
1231,2022-10-31,2,TERMOPAR J 3/16 Ø X1'  1/2 EXT.  8 MT
1232,2022-10-31,1,"TER J 1/8""ØX2 1/2"" EXT1.5MT TRAN/RESOR"
1233,2022-10-31,6,"TUB INOX 7/16""ØX50CM 2500W 240V ""U"" BUSH"
1234,2022-10-31,4,CAM INOX 10MMØX16CM 400W240V RECT EX30CM
1235,2022-10-31,1,"PT-100 5/16""ØX1MT CON1/2""-1/2""NPT C/MARI"
1236,2022-10-31,15,TERMOPAR J 3/16 Ø X 1' 1/2 EXT. 2 MT
1237,2022-10-31,3,TERMOPAR J 3/16 Ø X1'  1/2 EXT.  8 MT
1238,2022-10-31,1,"FAB. TUBO INOX 1/2""Ø C40 X 1.7M C/ALETAS"
1239,2022-11-01,1,TERMOPAR J3/16 Ø X 1' 1/2 EXT.  1.5 MT
1240,2022-11-01,1,TERMOPAR J 3/16 Ø X 1' 1/2 EXT. 1 MT
1241,2022-11-01,6,"CAS INOX 1/2""ØX8"" 500W 127V EXT30CM"
1242,2022-11-03,2,"CAS INOX 5/8""ØX9"" 500W 240V EXT30CM"
1243,2022-11-03,1,REPARACION DE TANQUE DE BAÑO MARIA 127V
1244,2022-11-04,4,TERMOPAR J3/16 Ø X 1' 1/2 EXT.  1.5 MT
1245,2022-11-04,10,CAS INOX 12.5MMØX125MM 300W 280V EXT1MT
1246,2022-11-04,7,CAS INOX 12.5MMØX165MM 300W 280V EXT.1MT
1247,2022-11-04,25,CAS INOX 12.5MMØX265MM 400W 280V EXT.1MT
1248,2022-11-04,1,CAS INOX 12.5MMØX85MM 150W 280V EXT.1MT
1249,2022-11-04,4,"TUB INOX. 5/16""Øx625mm 1200W, 220V. U"
1250,2022-11-04,4,"TUB INOX 5/16""x625mm 950W 220V U"
1251,2022-11-04,6,"TUB INOX. 5/16 Øx625mm 850W,220V U"
1252,2022-11-04,2,BOB 8020 CAL.22 2.8MMØX3MT GAZA 50MM 127
1253,2022-11-04,1,REPARACION DE HORNO LINDBERG/BLUE M
1254,2022-11-07,2,TERMOPAR J3/16 Ø X 1' 1/2 EXT.  1.5 MT
1255,2022-11-07,2,TERMOPAR J 3/16 Ø X 1' 1/2 EXT. 2 MT
1256,2022-11-07,2,"ELEM K CAL. 8 x12"" C/FUNDA CERAMICA"
1257,2022-11-07,4,"TUB INOX 1/2""ØX850MM 6000W 240V ALET/PLA"
1258,2022-11-08,1,"TUB INOX 1/4""ØX65MM 180W 127V CIRCU/BASE"
1259,2022-11-08,2,"TUB INOX 7/16""ØX36CM 2000W 240V ""M"" BUSH"
1260,2022-11-08,3,FAB. DE BASTIDOR 8020 2700W 240V 28X24X5
1261,2022-11-08,11,"CBS 90° 3/4""Øx39.9/16 2600W400V EXT. 55"""
1262,2022-11-08,1,"BOQUILLA 11/2X1""1/2"" 300W 240V"""
1263,2022-11-08,1,"TERMOPAR K 3/16Ø  X 1'  1/2 EXT. 2 MT"""
1264,2022-11-09,1,"BAN P INOX 5 1/2""X5 1/2"" 660W220V EX30CM"
1265,2022-11-09,1,"BAN P INOX 5 1/2""X4 1/2"" 600W220V ESPEC"
1266,2022-11-10,1,"TER J 1/4""ØX3 1/2"" CON-1/2""-1/2"" EXT30CM"
1267,2022-11-10,4,"TUB Ø 7/16 X 71 CM LONG ""U"" 3600W440V"
1268,2022-11-10,2,"TUBULAR  ""U"" 5/16""Øx13.5"" 4500W480V 3pz"
1269,2022-11-10,20,"TUB. ENCAPSULADA 5/16Øx780mm 1500W 240V"""
1270,2022-11-10,1,"PT-100 3/16""ØX3"" CON 1/2""-1/2"" NPT C/MAR"
1271,2022-11-10,1,"PT-100 3/16""ØX15CM CON1/2""-1/2"" C/MAR"
1272,2022-11-10,12,CBS INOX 20MMØX68CM 1200W 254V EXT.25CM
1273,2022-11-11,3,BAN M/LUNA 220MMØX155MM 1500W 440V C/STD
1274,2022-11-11,5,TERMOPAR J3/16 Ø X 1' 1/2 EXT.  1.5 MT
1275,2022-11-11,3,"TUB INOX 5/16""ØX27CM 1000W 240V ESPECIAL"
1276,2022-11-11,2,"TERMOPAR CERAMICO T/ K"" LONG 12"" CAL.14"""
1277,2022-11-11,2,"TUB INOX 1/2""ØX75CM ""U"" 30KW440V BRIDA6"""
1278,2022-11-14,1,"TUB INOX 1/2""ØX365MM 1650W127V ""M"" A 90°"
1279,2022-11-14,6,PISTOLA DE AIRE 3500W 220V
1280,2022-11-15,2,BAN P 38MMX105CM 1000W 240V T/TOR C/TK
1281,2022-11-15,5,"TUBULAR U"" 5/16"" 203MM 1500W 127V"""
1282,2022-11-15,5,"TUB INOX 5/16""ØX190MM 1250W127V TAP1""NPT"
1283,2022-11-15,1,"TUB INOX 1/4""ØX260CM 500W 240V RECTA TOR"
1284,2022-11-15,1,"TUB INOX 1/4""ØX235CM 500W 240V RECTA TOR"
1285,2022-11-15,1,"TUB INOX 1/4""ØX225CM 500W 240V RECTA TOR"
1286,2022-11-15,1,TERMOPAR J 3/16 Ø X 1' 1/2 EXT. 1 MT
1287,2022-11-15,1,"TERMOPAR K 3/16Ø X 1'  1/2 EXT. 1 MT"""
1288,2022-11-15,1,PLACAS DE FIBRA CERAMICA BARRENADAS
1289,2022-11-15,2,"TER K 1/4""Øx79CM DOBLEZ 90° C.STD MAC/HE"
1290,2022-11-16,2,REPARACION DE BOBINA 1800W 240V
1291,2022-11-16,6,"TUB INOX 7/16""ØX34CM 3200W 220V ""M"" BUSH"
1292,2022-11-16,6,BOB DSD CAL.12 17.7MMØX55CM  5.2 OHMS
1293,2022-11-16,3,"TUB INOX 5/16""Øx132MM 1000W 230V ESP/CAB"
1294,2022-11-16,1,TERMOPAR J 3/16 Ø X 1' 1/2 EXT.  5 MT
1295,2022-11-16,10,"CAS 1/2""ØX17"" 1800W 480V EXT.15CM"
1296,2022-11-16,1,REPARACION DE BATIDOR 16.6KW 440V
1297,2022-11-17,1,"TUB INOX 1/4""ØX28CM 15KW 240V CLIP BUS/P"
1298,2022-11-17,1,"TER J 3/16""Øx1 1/2"" EXT 15 MTS."
1299,2022-11-17,2,TERMOPAR J 3/16 Ø X 1' 1/2 EXT. 10 MT
1300,2022-11-17,1,TERMOPAR J 3/16 Ø X 1' 1/2 EXT.  5 MT
1301,2022-11-17,1,"TUB INOX 7/16""ØX44.5CM 3000W127V ""U"" BUS"
1302,2022-11-18,3,"TUB INOX.5/16""Øx473mm U 2500W 220V TAPO"
1303,2022-11-18,3,"TUB INOX 7/16""ØX595MM 5000W 220V ""U"" BUS"
1304,2022-11-18,2,TERMOPAR J 3/16 Ø X 1' 1/2 EXT. 3 MT
1305,2022-11-18,2,TERMOPAR J 3/16 Ø X 1' 1/2 EXT. 1 MT
1306,2022-11-18,2,TERMOPAR J3/16 Ø X 1' 1/2 EXT.  1.5 MT
1307,2022-11-18,1,TERMOPAR J 3/16 Ø X 1' 1/2 EXT. 2 MT
1308,2022-11-18,5,"TER J 3/16""ØX223MM EXT1MT DOBLEZ A  90°"
1309,2022-11-18,5,"TER J 3/16""ØX120MM EXT1MT DOBLEZ A  90°"
1310,2022-11-22,10,"TERMOPAR CERAMICO T/K"" LONG 12"" CAL 8"""
1311,2022-11-22,2,"TERMOPAR CERAMICO T/ K"" LONG 12"" CAL.14"""
1312,2022-11-22,8,"CBS 5/16""ØX21.1/4"" LON 500W,230V EXT1.5M"
1313,2022-11-23,1,"TUB INOX. 7/16""Øx700mm U 10KW 440V U TAP"
1314,2022-11-23,2,TERMOPAR J 3/16 Ø X 1' 1/2 EXT. 10 MT
1315,2022-11-23,2,TERMOPAR J 3/16 Ø X1'  1/2 EXT.  8 MT
1316,2022-11-23,2,TERMOPAR J 3/16 Ø X 1' 1/2 EXT. 6 MT
1317,2022-11-23,4,TERMOPAR J 3/16 Ø X 1' 1/2 EXT. 4 MT
1318,2022-11-23,4,"TUB INOX 5/16""ØX2 1/2""Ø 350W 260V EXT 1M"
1319,2022-11-24,1,TERMOPAR J 3/16 Ø X 1' 1/2 EXT. 1 MT
1320,2022-11-24,5,"TE ""K"" TIPO LANZA 1/2""Ø X 1331MMC/PLICA"
1321,2022-11-24,1,BAN INOX 87MMØX35MM 500W 240V C/ALLEN
1322,2022-11-24,1,REAPARCION DE SELLADORA
1323,2022-11-24,1,"TUB INOX 5/16""ØX295MM 12KW 240V CLIP/PLA"
1324,2022-11-24,2,"TUB INOX 5/16""ØX130MMØ 400W127V CIRCULAR"
1325,2022-11-24,8,"PT-100 1/4""ØX1/2"" EXT.5MT BOY-2G 3 HILOS"
1326,2022-11-24,4,"PT-100 5/16""ØX45CM EXT 10MT MALLA/RESO"
1327,2022-11-25,20,"CBS 90° 3/4""Øx39.9/16 2600W400V EXT. 55"""
1328,2022-11-25,6,BP S/BLINDA 300MMX698MM 2500W 230V 18BA
1329,2022-11-25,6,BP S/BLINDA 300MMX698MM 2000W 230V 18BA
1330,2022-11-25,10,TERMOPAR J 3/16 Ø X 1' 1/2 EXT. 2 MT
1331,2022-11-25,2,BB INOX 34MMØX40MM 100W 127V STD C/TJ
1332,2022-11-25,20,"TUB. ENCAPSULADA 5/16Øx780mm 1500W 240V"""
1333,2022-11-25,1,"TUB INOX. 5/16"" Øx2085mm ESP 1900W 230V"
1334,2022-11-25,1,CBS INOX 14MMØX89CM 2000W240V EXT30CM
1335,2022-11-28,1,"TUB INOX 5/16""ØX800MM 2000W127V ""J"" TBOY"
1336,2022-11-28,1,CAM INOX 16MMØX165MM 1000W 240V EXT30CM
1337,2022-11-28,1,CAM INOX 16MMØX160MM 900W 240V EXT.30CM
1338,2022-11-29,6,"TUB INOX 7/16""Øx190mm 2000W 400V BUS/LAT"
1339,2022-11-30,6,BOB DSD CAL.12 17.7MMØX55CM  5.2 OHMS
1340,2022-11-30,1,"TUB INOX1/4""Øx230mm U 4050W 220V PLAQUIT"
1341,2022-11-30,2,"TUB INOX 7/16""ØX50CM 4500W440V ""U"" 2""NPT"
1342,2022-11-30,9,"TUB INOX 7/16""ØX63CM 2250W 440V ALETA/BU"
1343,2022-11-30,1,"BAN INOX 7""ØX3"" 2200W 220V CLAV/ALLEN"
1344,2022-11-30,1,BB INOX 38MMØX76MM 300W 120V C/TJ
1345,2022-11-30,8,"CART INOX 1/2"" Øx4"" 500W 120V CABLE 25CM"
1346,2022-11-30,4,"CAS INOX 1/2""ØX41/2"" 500W127V ESCUADRA"
1347,2022-11-30,8,"CAS INOX 1/2""ØX1 1/2"" 250W 127V EXT.30CM"
1348,2022-11-30,1,"TUB INOX 5/16""Øx695mm ESP 650W 120V"
1349,2022-11-30,10,ABRAZADERA INOX PARA AJUSTE 2 pz c/u
1350,2022-12-05,6,"TUB ALET U 5/16""ØX470MM 1000W 440V BUS/L"
1351,2022-12-05,9,"TUB ALET U 5/16""ØX470MM 1000W 440V BUS/L"
1352,2022-12-05,1,"BANDA MED. LUNA 22.1/2""x6"" 3kW 460V"
1353,2022-12-05,3,TERMOPAR J 3/16 Ø X 1' 1/2 EXT. 2 MT
1354,2022-12-05,6,"TEA J 1/4""ØX70CM EXT50CM TORM8/LOCO CLAV"
1355,2022-12-05,1,REPARACION DE HORNO 1500W 127V
1356,2022-12-05,1,"TUB INOX1/4""Øx230mm U 4050W 220V PLAQUIT"
1357,2022-12-06,1,"CAS INOX 1/2""ØX13CM 250W 220V CON-1/2"""
1358,2022-12-06,1,"TUB INOX 5/16""ØX172MM 1650W120V CIRCULAR"
1359,2022-12-06,2,"TERMOPAR CERAMICO T/K"" LONG 12"" CAL 8"""
1360,2022-12-07,1,BO ABIERTA ALAMBRE CAL. 6 40 KW 440 V
1361,2022-12-07,25,CBS INOX 20MMØX68CM 1200W 254V EXT.25CM
1362,2022-12-07,10,ABRAZADERA INOX PARA AJUSTE 2 pz c/u
1363,2022-12-08,4,"TUB INCOLOY 1/2""Øx412mm J 9KW 240V PLACA"
1364,2022-12-08,1,"TERMOPAR CERAMICO T/ K"" LONG 12"" CAL.14"""
1365,2022-12-08,20,"TUB. ENCAPSULADA 5/16Øx780mm 1500W 240V"""
1366,2022-12-08,10,"TEA J"" 3/16""Øx22MM EXT2MT BAY2GIR/ADAPT"
1367,2022-12-08,3,"TUB INOX 7/16""ØX280CM 2000W 240V RECTA"
1368,2022-12-08,10,"TEA K 5/8""ØX30CMX51CM C/MARINA 90° ""L"""
1369,2022-12-09,4,"TUB INOX 1/4""Øx280mm 200W 120V RECTA ZAP"
1370,2022-12-09,2,"TUB INOX 7/16""ØX26CM 2700W 240V ""M"" BUSH"
1371,2022-12-09,2,"TUB INOX 5/16""Øx930mm 1000W 127V CAPUCHO"
1372,2022-12-09,1,"TERMOPAR CERAMICO T/K"" LONG 12"" CAL 8"""
1373,2022-12-09,3,"TERMOPAR CERAMICO T/ K"" LONG 12"" CAL.14"""
1374,2022-12-09,1,"TUB INOX 7/16""ØX42CM 6000W 240V ""U"" PLAC"
1375,2022-12-13,1,"TUB INOX 5/16""ØX800MM 2000W127V ""J"" TBOY"
1376,2022-12-13,4,"CAS INOX 1/4""ØX2"" 175W240V EXT30CM C/TJ"
1377,2022-12-13,1,"TERMOPAR CERAMICO T/K"" LONG 24"" CAL 8"""
1378,2022-12-13,3,"TUB INOX 3/8""ØX400MM 1800W230V ""M"" ALE/B"
1379,2022-12-13,6,TERMOPAR J 3/16 Ø X 1' 1/2 EXT. 3 MT
1380,2022-12-13,4,TERMOPAR J 3/16 Ø X 1' 1/2 EXT. 2.5 MT
1381,2022-12-13,4,TERMOPAR J 3/16 Ø X1'  1/2 EXT.  8 MT
1382,2022-12-13,1,"CBS 5/8""ØX330MM 1000W 240V CON1/2"" NPT"
1383,2022-12-14,1,"TUB INOX 1/4""Øx355MM 4500W230V ESP/PLAC"
1384,2022-12-14,2,"TUB INOX 1/4""ØX178MM 750W 110V ESP/CABLE"
1385,2022-12-14,4,"TUB INCOLOY 1/2""Øx412mm J 9KW 240V PLACA"
1386,2022-12-15,6,"TUBULAR  U"" 1/2""Øx660mm 4500W440V 3pz"""
1387,2022-12-15,5,FAB. DE BASTIDOR 8020 2700W 240V 28X24X5
1388,2022-12-15,2,"TUBULAR  ""U"" 5/16""Øx13.5"" 4500W480V 3pz"
1389,2022-12-15,1,TUBULAR 11mmØx450mm 4500W 480V 6pz
1390,2022-12-15,5,"TUBULAR  U"" 1/2""Øx660mm 4500W440V 3pz"""
1391,2022-12-16,12,BOB DSD CAL.12 17.7MMØX55CM  5.2 OHMS
1392,2022-12-16,1,"TERMOPAR CERAMICO T/ K"" LONG 12"" CAL.14"""
1393,2022-12-19,1,"TUB INOX 7/16""ØX105CM 24KW 480V 3PZ"
1394,2022-12-20,6,"TUB INOX 1/2""ØX1015MM 5KW 240V ""U"" ALETA"
1395,2022-12-20,2,"TUBULAR U"" 5/16"" 203MM 1500W 127V"""
1396,2022-12-20,3,"PT-100 3/8""ØX3CM EXT30CM TEFLON 3HILOS"
1397,2022-12-20,26,CAS INOX 12.5MMØX125MM 300W 280V EXT1MT
1398,2022-12-20,10,CAS INOX 12.5MMØX165MM 300W 280V EXT.1MT
1399,2022-12-20,5,"TER J 3/16""ØX1"" EXT7MT MALLA Z/INOX"
1400,2022-12-20,5,"TER J 3/16""ØX1"" EXT7MT MALLA Z/INOX"
1401,2022-12-21,10,"CAS 5/8""ØX14"" 240V 2000W EXT1MT"
1402,2022-12-21,1,"TUB INOX 5/16""ØX250MM 2000W 240V ""M"" BUS"
1403,2022-12-22,16,"CBS INOX 5/8""ØX66CM 800W 480V EXT30CM"
1404,2022-12-22,2,TUBULAR 11mmØx450mm 4500W 480V 6pz
1405,2022-12-22,10,CARTUCHO ESC.Ø 8MM X 325 MM 500W 220V
1406,2022-12-22,4,"CAR INOX 3/8""Øx8"" 900W, 240V CABLE 30CMS"
1407,2022-12-22,1,REPARACION DE PLANCHA DE CARTUCHOS 220V
1408,2022-12-22,1,REPARACION DE MAQUINA
1409,2022-12-22,6,"TUB INOX 1/2""ØX40CM 4000W 220V ""M"" BUSH"
1410,2022-12-22,2,"TERMOPAR CERAMICO T/K"" LONG 24"" CAL 8"""
1411,2022-12-22,1,"TUBULAR  J"" 5/16"" 230MM 4500W 220V"""
1412,2022-12-23,1,"TUB INOX 1/2""ØX75CM ""U"" 30KW440V BRIDA6"""
1413,2022-12-23,5,FAB  BOBINA DSD1 6 COLOCAR B/NUEVA 488V
1414,2022-12-23,3,"TIRA INOX 38MMX6"" 150W 127V T/TIPO H"
1415,2022-12-23,6,BAN P INOX 1800x25mm 2800W 440V. CABLE
1416,2022-12-23,3,"TER J 3/16""ØX1/2"" EXT3MT MALLA INOX  Z/E"
1417,2022-12-23,2,BL INOX 60mmØx50mm 400W 120/240V EXT30CM
1418,2022-12-23,2,BAN INOX 146MMØX40MM 500W230V CINT/ALLEN
1419,2022-12-23,2,"BAN INOX 9""ØX3"" ANCH 1700W 230V T/CABLE"
1420,2022-12-23,2,PT-100 7.5MMØX95MM EXT.48CM 3H C/MACHO
1421,2022-12-23,6,"CAS INOX 1/2""ØX3"" 400W 127V EXT.30CM"
1422,2022-12-23,6,"CAS INOX 1/2""ØX4"" 500W 127V EXT30CM"
1423,2022-12-23,3,"TUB INOX 5/16""ØX300MM 5300W 220V ""M"" ESP"
1424,2022-12-23,1,"TUB INOX 1/2""ØX500MM 10KW 220V 2 1/2""NPT"
1425,2022-12-23,10,FAB  BOBINA DSD1 6 COLOCAR B/NUEVA 488V
